5686152,"Tasty. Light, floral, dry. - Drinking a Hanamachi by @BottleLogicBrew @ Brentwood Country Mart  â€” https://t.co/FYxaDGfQpM","[-118.491, 34.0476]"
1.13048E+18,Drinking a Philosopher King by @NewProvinceBrew @ Hugo's Restaurant â€” https://t.co/D7uCt2x4Hi,"[-94.1607, 36.0635]"
14148613,"A little fan art tonight. Judith Grimes caileypresleyfleming @walkingdead_amc 
.

#twd #judithgrimes #caileyflemingâ€¦ https://t.co/Qk24pf4z8n","[-74.5, 40.0]"
552130870,"I'm so done with this game. Jerry Jones, Jason Garrett has got to go!!!
#dc4lifeğŸ”µâšªâ­ğŸˆğŸˆâ­âšªğŸ”µ @ Fresno, California https://t.co/wqimz6DANM","[-119.7839, 36.7398]"
973245247,"Now Playing
@TheRealYungBerg ft @missmulatto247 @YoungMAMusic @dreezydreezy _chinesekitty dreamdoll 
#ThotBox (Remiâ€¦ https://t.co/4giQCYBtZO","[-115.149, 36.1675]"
2304304148,"Starting to realize Iâ€™ve spent majority of my life teaching the youth what I didnâ€™t know at their age, going to conâ€¦ https://t.co/RhdX0opGpe","[-81.43372095, 28.49512513]"
1856311310,@mumfordandsons #littlelionman #didntimydear #wow alt923radio #nssn #pseudoalternativestation #rotateyourplaylistâ€¦ https://t.co/pRRcQgM7Cb,"[-73.97586471, 40.6830331]"
105240050,John is part of the art at SAM Lights. #samlights #olypicsculpturepark #christmas #art #installationartâ€¦ https://t.co/fAqZeoKsn3,"[-122.35493, 47.61663]"
46699617,"Yup been denying it but can't no more ugh. #MYWEEKEND @ El Paso, Texas https://t.co/FHvizLw9XL","[-106.489, 31.7658]"
493324099,#LISTENLIVE RITE NOW TO DA MAYOR OFFICE WITH 5 STAR DJ THE MAYOR OF SOUTHERN SOUL #NOWPLAYING ON BOUNCEOUT RADIO ONâ€¦ https://t.co/aan8k5wcuy,"[-98.55229363, 29.50194017]"
27934659,So thereâ€™s a story here... first of all there are a few people on this planet that she would fight someone over. Heâ€¦ https://t.co/X2uvDJ5vGG,"[-94.78081665, 38.87421788]"
48166462,"Itâ€™s been settled, weâ€™re officially a 3-part act, 4 if you add @brendonwilde to complete our conga line. Just waitiâ€¦ https://t.co/fXJXpJjpBD","[-118.25275308, 34.04856229]"
7.01777E+17,"We're hiring! Read about our latest job opening here: Shift Supervisor A - https://t.co/m0407eOo3S #restaurantlife #Nashville, TN","[-86.7816016, 36.1626638]"
2980145919,"T  E  N  N  I  S 

#sports #wwfreestyle #photography #dqmagazine #redmodels #tvshows #cloakanddagger #riverdaleâ€¦ https://t.co/sA90o5Gua4","[-118.44342168, 34.05471173]"
1663692642,#fit #fitlife #bodybuildingmotivation #menphysique #physique #npc #npcnewsonline #muscle #motivation #athleteâ€¦ https://t.co/6648YU0uCH,"[-77.6936474, 43.2070437]"
520705055,#Prince ğŸ¤´ğŸ¿ #Braydaman #BrayBray #Brayday #KidModel #BabyModel #MaleModelBray ğŸ‘£ #BraydenJamesJacobs #Love #MyğŸŒ #MyğŸ–¤â€¦ https://t.co/YmYIywlutI,"[-84.7231, 33.7497]"
149367084,"The past cannot be changed. The future is within your power. #2020Vision #LostFiles @ Dallas, Texas https://t.co/I9fQxUsLTB","[-96.7977, 32.7774]"
761008218,I am enjoy the day of since I have been sick for a week I hope I do get better soon.  I will not give up. @ Jacksonâ€¦ https://t.co/Yo2RntGnpg,"[-81.657, 30.3285]"
17823286,Day 4 of 1 hour cardio per day till my birthday in January. Awesome motivation from the staff reminding me that itâ€¦ https://t.co/L2y2EUrnRK,"[-121.96809, 47.86164]"
87188071,#Carpool #Belleville -&gt; #Toronto I'm looking for a ride form Belleville (Loyalist College) to Toronto https://t.co/XGgrIuCwww,"[-77.4218608, 44.209038]"
8.4513E+17,What kind of opera director am I? This kind. Thank you to @animininails &amp; @MORNINGSTARB650 of pampernailgallery forâ€¦ https://t.co/0lVtlOTLRB,"[-121.9907756, 37.5184936]"
2342809069,"195lbs Overhead Farmers Walk with some ""Danger Danglers"". Working on overhead stability. This was definitely a realâ€¦ https://t.co/snLGzmOtxL","[-121.32582, 44.04683]"
4554563667,2578 46th Avenue https://t.co/4xSJCV82En,"[-122.50406, 37.73847]"
2346010378,"Jammin' Jon performing tonight at Kitty Kiernan's Thursday Night Open Mic!

@kittykiernans #kittykiernansâ€¦ https://t.co/TnWlyoizg6","[-74.03423, 40.6153]"
2712616496,Too much fun at @mayorhancock &amp; @MaryLouiseLee Christmas Toy Drive Party! Just a beautiful party with great peopleâ€¦ https://t.co/OcYXzIGS2N,"[-104.96364419, 39.68321824]"
4220003893,"Leaving our last event tonight, The San Antonio Chamber Gala. @ Henry B. Gonzalez Convention Center https://t.co/dy8PODtpCm","[-98.4839775, 29.42110287]"
2181466716,Tis the season! Our new #giftpack is keeping us busy! ğŸ˜… #giftgiving #giftideas #thatsmyjam #jamismyjamâ€¦ https://t.co/XBYYZ3zDGX,"[-122.6462631, 49.008419]"
29242774,"Boy if this ainâ€™t the truth ğŸ’¯ @ La Vergne, Tennessee https://t.co/NpjnxbIFWQ","[-86.5869, 35.9897]"
132558533,You look like the rest of my lifeâ¤ï¸ @autrelilicanela &amp; @alexmurimusic #love #couple #portrait #jaimecamposfoto en Lâ€¦ https://t.co/1clXox40kw,"[-100.1504419, 25.3760731]"
3000633886,The Headliner. The Superstar. @tommylondon storms the stage #tommylondonpresents #toysfortots #mercuryloungenyc @ Mâ€¦ https://t.co/axVpLbDY3n,"[-73.986794, 40.722065]"
15339207,"+Posted+ trinarockstarr cover release artbasel. #miami #florida #trina #darujones #artbasel @ Miami, Florida https://t.co/dpl3YbW7Sa","[-80.192, 25.7752]"
29093567,"#DragQueensOnIce â€¼ï¸â›„ï¸â˜•ï¸ (at @UnionSquareSf in San Francisco, CA) https://t.co/I6Dc7xFXm2 https://t.co/rqNEW5gvw0","[-122.40750074, 37.787933]"
64952601,Concert Time! @ House of Blues Las Vegas https://t.co/9qAf4PgPT6,"[-115.17564919, 36.09302235]"
50706690,Cleared: Incident on #HOBLine,"[-74.02931, 40.735888]"
50706690,Cleared: Incident on #ToLine,"[-74.02931, 40.735888]"
50706690,Cleared: Incident on #WTCLine,"[-74.02931, 40.735888]"
2669983818,near bsgstblender: 9625ad7d-7e67-4273-85fc-ebabe07387e9,"[-80.0505398, 40.4313474]"
188141673,11pm: - #Parry Sound #Weather,"[-80.5208, 44.4333]"
267478172,"Last nightâ€™s Wynton Marsalis and the Lincoln Center Band was enthralling.  Got such great seats, too! So cool to seâ€¦ https://t.co/5VAq5ponK7","[-90.2301, 38.6402]"
1464644293,Deeply satisfying taste &amp; rewarding dram of Grand Marnier Quintessence.. @ Elixir Spirits https://t.co/hgBlOUcfrc,"[-86.93973205, 35.74515931]"
16477002,"ğŸš¨ #visual #visualart ğŸš¨ğŸ“¸.. @BiggHurra #TheDesignğŸ’.. Ft et_754  #COMINSOON ğŸ¬ . 
ITS NOT DONE PART 2 COMIN SOON ğŸ¥

Proâ€¦ https://t.co/xnZjb5M0h8","[-118.15262, 34.1659]"
4191239027,"0415Z
N951LA COUNTY OF LOS ANGELES
Squawk: 1206
N34.0560 W118.2982
Altitude: 800ft
Course: 115Âº
Groundspeed: 93kts","[-118.29815, 34.05599]"
546799972,The community that we created in my grad course on #hiphoped was simply beautiful. A big thanks to all the d.o.p.e.â€¦ https://t.co/yN7L9zpxTk,"[-71.12193, 42.37531]"
224010441,"I TOLD YOU SNOOPY WAS REAL!!!! @ Denver Harbor - Port Houston, Houston https://t.co/73bLkDEbtx","[-95.29544173, 29.76644364]"
3317110029,"#foil #nailart is also in style! âœ¨ğŸ’…ğŸ¼âœ¨

10% OFF (Mon-Wed, 10-2pm, Sun 11-2pm w/ FB/Yelp Check-in. 

BOOK YOUR APPOINâ€¦ https://t.co/ZSkKOCE883","[-80.36781558, 25.75660754]"
1.13048E+18,Drinking a Hopadillo IPA by @karbachbrewing @ Pinpoint â€” https://t.co/nGOSH3odHC,"[-94.1607, 36.0633]"
3665330315,Drinking a Celebration Fresh Hop IPA by @SierraNevada at @CRB_FL â€” https://t.co/caMqjslv70,"[-82.1238, 30.263]"
1.11431E+18,"#hairtips @ Selma, North Carolina https://t.co/PWDiMImzom","[-78.2846, 35.537]"
2319614654,Sonor tone was so nice in a church tonight. Great acoustics! #sonordrums #aquariandrumheads #vicfirthdrumsticksâ€¦ https://t.co/UxTVQFORCB,"[-76.23541, 36.70621]"
25148565,Joe and troy coming to you from Tamp and Tap https://t.co/iY8RFbH4ai,"[-90.0519956, 35.1482478]"
2324451703,"Hi! I'm Prince Charming!

#adoptable #austinpetsalive #dogsof512 #prince #atxdogs 
#TOPdogready #ihaveskillsâ€¦ https://t.co/OMUdmb6mH3","[-97.75981518, 30.26966204]"
6834712,Another batch of #estatesale items. Especially living for this couple on the box of chair covers. #vintage #fontsâ€¦ https://t.co/nLRSNQL4WM,"[-74.1671, 40.9986]"
36889106,"This is my time to rise
Dark horse.
I'll fight my way to the top
You will never be the thorn in my side
Dark horse.â€¦ https://t.co/3uoMPCh0fU","[-95.9304, 41.2557]"
162805587,#FirstDaughter #PreachersKidFlo #DaughterOfApastor #ChurchSwagg Celebrating My Pastor Rev Dr. Carl E Keels &amp; My Firâ€¦ https://t.co/j6MTPZBPo9,"[-76.90851433, 38.90182519]"
3422574075,#milanomenswear1 #plymouthmeetingpa #plymouthmeetingmall #call6103971900 #menswear #men #suits #blazer #suitstyleâ€¦ https://t.co/FnQU7Av5Kv,"[-75.28163917, 40.11632854]"
2798308393,"See our latest #CharterTwpofClinton, MI job and click to apply: Support Cashier - https://t.co/J2UwzTeTXf #Retail","[-82.9195514, 42.5868882]"
34550711,"Love me some her !!!! @ Yadkinville, North Carolina https://t.co/fed8t1DsgQ","[-80.6609, 36.1327]"
8527662,"I'm at The @PinkDoorSeattle in Seattle, WA https://t.co/D1FLmshNHO","[-122.34257536, 47.61021902]"
36600407,"Look who we found!! ğŸ¤­

___________________________________________
#disney #disneysanimalkingdom #mickeymouseâ€¦ https://t.co/ld1TIo0OE9","[-81.59201391, 28.35966003]"
979366892,"Thereâ€™s something for everyone at First Fridayâ€™s! Stop by for 200 works under $200
This is a great opportunity fo sâ€¦ https://t.co/ZdSgRMKQgi","[-94.585763, 39.091248]"
6512432,"Full Moon Fever, week one of @AllTmrwsPettyâ€™s December residency at @TurfClubMN https://t.co/AlgSJQyMVA","[-93.16801196, 44.95584106]"
84125226,"I really donâ€™t even need a caption for this one. I just love how miguel really just gives his all, every performancâ€¦ https://t.co/rIkd8U0VJD","[-118.334233, 34.155694]"
4078146875,"Very proud of our coaches and kids for being selected! Go Knights!! @ Chicago, Illinois https://t.co/9dfrtAwu72","[-87.632496, 41.883222]"
40873333,"This Sunday. FREE. At Trade! 

You asked for it, and we are proud to provide it...THIS SUNDAY, come play with us anâ€¦ https://t.co/XYz5YD32he","[-77.03236, 38.90926]"
17904317,"Dramatic stare #eyecontact #eyes #stare #dramaticstare #eyebrows #CassByTDA @ Phoenix, Arizona https://t.co/WwnZC46A7m","[-112.0777, 33.4482]"
9.57861E+17,First trip to the Portland Art Museum with friends (whose insta handles I donâ€™t have memorized) here is a sign andâ€¦ https://t.co/Zmd6aGBrkH,"[-122.68357, 45.51625]"
1.1303E+18,"3 Bunker Hill Court, Boston https://t.co/MTuvpgW86Z","[-71.0669427, 42.380724]"
168679139,theveilbrewing We Ded Mon all Citra triple dry hopped triple ipa. Such a well done beer. Citra flavor is bursting râ€¦ https://t.co/GpH0ov8uLU,"[-74.0190396, 40.79030196]"
27342610,8th grade electronics fan Reverse engineering our 555 Flasher board designed by former student/mentor Pat Willett.â€¦ https://t.co/1ahb07Hly0,"[-73.4089, 41.5825]"
290889065,"ğŸ‡­ ğŸ‡´ ğŸ‡± ğŸ‡± ğŸ‡¾ ğŸ‡¼ ğŸ‡´ ğŸ‡´ ğŸ‡© @ Hollywood, Florida https://t.co/ZxYLyRjBTN","[-80.1749, 26.0215]"
29345764,Announcing Lumenâ€™s first Corporate sponsorship.  Lumen is supporting @teamwomenmn for the 9th Annual Womenâ€™s Leaderâ€¦ https://t.co/88VX0E5iAt,"[-93.32113459, 44.94323453]"
17149356,"didnâ€™t really drop much this year so iâ€™m pretty sure some of these numbers went down from last year BUT, thatâ€™s exaâ€¦ https://t.co/LxIXCNoIqz","[-83.0507, 42.3368]"
2805169836,#acharliebrownchristmas #classiccartoons #charlesschultz #christmasclassics #peanuts #childhoodmemoriesâ€¦ https://t.co/zEcLSg33hP,"[-117.8110788, 45.2985713]"
33782509,"EVIL CORP ğŸ¤£ğŸ˜‚ğŸ¤£ğŸ˜‚ğŸ¤£ğŸ˜‚ @ Lovettsville, Virginia https://t.co/nfaUQt0SWJ","[-77.6399, 39.2728]"
48644136,Day 2 of 30 Day Oatmeal Challenge. ğŸ‡µğŸ‡­ Lechon Oatmeal Risotto w/ Poach Egg. Cheesy Oatmeal is ğŸ’° ğŸ’° ğŸ’° ğŸ˜‹ #oatrageousâ€¦ https://t.co/swPLXljT9E,"[-115.149, 36.1675]"
8.19662E+17,"""Fantasy Sky Silhouettes""

#2dopeart #2Dope #22 #virgo #earth #painting #trees #treesofinstagram #paintmeapictureâ€¦ https://t.co/PUYnSqnIJz","[-81.2394, 34.9947]"
865706948,"Yâ€™all ğŸ˜´ on this fight if you want toâ€¼ï¸
Watch this fight on your ğŸ”¥stick or Android box for free! Inbox or â˜ï¸ 706-330â€¦ https://t.co/CvPDC8e6J9","[-85.006, 32.4712]"
402507386,"DAY 4: 7 DAYS OF GIVEAWAYSÂ ğŸ¨Enter to win this beautiful blue 5â€™x7â€™ water color painting ğŸÂ ğŸ„
HOW TO ENTER:
1 Followâ€¦ https://t.co/Pc2OYrOz8q","[-88.3086, 41.9142]"
105218635,Thank you NoCo Style for a fabulous party to celebrate the Best of NoCo! Honored to be part of such an impressive gâ€¦ https://t.co/ax4mhIHuAG,"[-105.07431, 40.39576]"
69227669,"one of thee best experiences of my life, how they crammed my all time favorite Disney movie into a 17 minute live aâ€¦ https://t.co/GeR3XHqPTy","[-81.56066935, 28.35727378]"
26495152,"I have totally felt like this! Hahaha!
.
.
.
.
.
#thrifthaul #thriftscore #whatafind #thriftingfinds #thriftingâ€¦ https://t.co/TbvZIx6XTR","[-70.5814, 43.3219]"
995616247,Great turnout tonight at the #MusicCity #MilesAndPoints meetup at the @shoprymills @missionbbq. Excited to meet newâ€¦ https://t.co/GcT8UQtXQM,"[-86.6915956, 36.20465608]"
18165943,"The Money Team! ğŸ’ªğŸ¾
@esp718
#PayoneerHolidayParty @ Museum of the City of New York https://t.co/s6uVGHbrD5","[-73.952, 40.79254]"
19309481,Moon @ Gramercy Starck Condominium https://t.co/mHpMtQvY8E,"[-73.97944, 40.73696]"
2677513991,This week has been rough. I havenâ€™t felt much like running. Especially after losing a fellow artist and friend yestâ€¦ https://t.co/KsX12upl4m,"[-73.92150833, 40.86744444]"
28501686,Emily #cooldarkblonde #highlights #elixir @ Elixir Gallery Salon https://t.co/zCJWngerHB,"[-89.98431, 34.82397]"
162124985,A bit over sweet but itâ€™s a fun beer .  Now I want some pot au feu - Drinking a Cannibalism [French Roast Coffee +â€¦ https://t.co/ynRYT2LsAY,"[-122.318, 47.5499]"
361667532,"ğŸ¤œğŸ¿
#treatment @ Toronto, Ontario https://t.co/1kgW4Eykbf","[-79.3872, 43.648]"
1.13048E+18,Drinking a Space Suit by @NewProvinceBrew @ Pinpoint â€” https://t.co/wgAz9uunBR,"[-94.1607, 36.0633]"
76488177,"The best one yet ğŸ˜† nice find, Sam
#instagram #familytradition #hank #hankjr #hankwilliamsjr #bocephus #countryâ€¦ https://t.co/6O5rMdZ4zS","[-95.91388889, 41.29277778]"
23228904,Jits &amp; Ramen @ Tampopo Ramen https://t.co/QVI2Ln1Ca1,"[-111.90875315, 33.39379369]"
2463481926,"Day 4 of the Artist Challenge:

â€œEvery day select an image from a day in the life of a #Performer/ #Artistâ€”a photoâ€¦ https://t.co/xcU64DUXk7","[-118.243, 34.0522]"
36507449,No nbcperfectharmony tonight so we are all hanging out. We canâ€™t quit each other!!! Also why does this restaurant nâ€¦ https://t.co/1bh4CFlISK,"[-118.2479703, 34.04846775]"
396919655,"ğŸ—„ FROM THE ARCHIVES: March 23, 2006. Captured by americanalien. @ Pizza LucÃ© https://t.co/RWc63BkjFI","[-92.09796, 46.78756]"
162805587,#StillettoSleek #ShoeAddiction #LifeNheels #PAHH @ Washington D.C. https://t.co/xaDeeFvzPU,"[-77.0367, 38.8951]"
93925715,"Nunca pensÃ© amar tanto a cada una de estas personas quienes hoy son mi familia, mis amigos y mi equipo de trabajo.â€¦ https://t.co/knofMlDp95","[-82.40122416, 34.84474269]"
164701599,"â€¢ Reindeer! Sleigh! And holiday train, yup itâ€™s Christmas season! â€¢ Â¡Renos, trineo y trenes, eso suena a temporadaâ€¦ https://t.co/AF3C7gCYfm","[-122.37769439, 47.7002424]"
18499969,"I'm at @Subway in Chandler, AZ https://t.co/VoKTVTP818","[-111.84236184, 33.34030917]"
276055705,Too much fun recording (and eating) with these fools! Shoutout @gsuravech and Miles for hosting @cynthialin and theâ€¦ https://t.co/9Qg7WhBTiY,"[-118.128, 33.8882]"
308301292,Family â¤ï¸ @ Dusk Til Dawn https://t.co/4Q4w2maakC,"[-73.93943, 40.69174]"
2338108786,"Today's #Tarot and #playingcards #cardsoftheday for 12/05/2019 : 7 of Diamonds â—‡; 7 of Wands Rx
.
.
Well met! Todayâ€¦ https://t.co/SfwB9oUseI","[-73.92323, 40.68619]"
1.08789E+18,"ğŸ¤ªğŸ¤ªğŸ¤ª @ Atlanta, Georgia https://t.co/z3DCN68zTG","[-84.3889, 33.7566]"
362711998,"Day 340 - 12/5/2019 - awesome day today! Took a vacation day to give a talk at Topper Hacks at WKU Glasgow, went toâ€¦ https://t.co/NqdJBOxIgH","[-86.46458027, 36.95842611]"
86371013,"Over $9,000 raised in the past week! Only $48,000 to go to complete the Campaign. https://t.co/ppZRfGOzgh @ YMCA Caâ€¦ https://t.co/Ynq1Ds5Q6B","[-79.44317833, 42.23343069]"
138261934,Amazing priemer today for holdonthemovie. Learned alot today! I wanna say thank you to @MzMeLoNy @seanringgold iambâ€¦ https://t.co/3bFOcXH1SQ,"[-74.0064, 40.7142]"
7.58415E+17,TEST_LAT/LON: 295304b9-f603-4338-a1f4-36dc7f95ba3a,"[-122.39872, 37.781157]"
261360939,"Â¡Bendecida y muy feliz!
Blessed and happy! @ Las Cruces Public Schools https://t.co/IXpTch7zo5","[-106.7753444, 32.30416902]"
625137446,Beer/night #5 of the @AdventBox and damn this is amazing and Iâ€™d say as good as any of my favorite MN IIPAs. Well dâ€¦ https://t.co/3vER3F7MOn,"[-93.21759, 44.74362]"
99200451,Looks like Iâ€™m playing againâ€”in the same rink the Red Wings have their prospect camp.... @ Centre Ice Arena https://t.co/7AsDXxeuAD,"[-85.5446429, 44.7087079]"
76143652,"Very random, today walking down the street I bump into my dude @DresBlacksheep its  funny to run Into a friend in aâ€¦ https://t.co/LZK6zl0953","[-118.34778, 34.08377]"
543585998,Duck me in the ducking duck! The BEST in DC is at reverie_restaurant! @johnnyspero you are as kind as you are talenâ€¦ https://t.co/PQuqkquIt3,"[-77.06325722, 38.90372596]"
35910578,Farmhouse Burger. Fried Egg and Bacon is a must. @ Gordon Ramsay Burger https://t.co/pW4Mstv44X,"[-115.17189545, 36.11056784]"
319144857,"Oh, crystal ball, crystal ball,
Save us all, tell me life is beautiful,
Mirror, mirror on the wall @ Salisbury, Marâ€¦ https://t.co/WSwcqaGkZv","[-75.6006, 38.3654]"
1244308452,"Well, thank you all for listening to my music this year. I released an unmixed, unfinished album of instrumental idâ€¦ https://t.co/VfH4W1PtqH","[-122.678249, 45.518237]"
179780330,"âœŒğŸ¿ 3 weeks later Iâ€™m leaving full, accomplished, an at peace. 
.
.
. 
California love @ Joshua Tree, California https://t.co/VXUtjDoANy","[-116.319, 34.127]"
9.87786E+17,"My dad met Derrick White at SeaWorld while i was riding rollercoasters, so by default, I met Derrick White at Seawoâ€¦ https://t.co/sZWKWi5dvv","[-98.7001956, 29.4583528]"
150379934,"Arrrgghh. Ahoy, matey! The plants left much to be desired BUT THE PLANT BOX? Exquisite. 

Candid shot from when meâ€¦ https://t.co/FcdDXZOvJt","[-110.99569, 32.40739]"
8.2971E+17,Thanks Ms. And Mr. Inoa for your trust and for this review. It was a pleasure to serve and make your experience a pâ€¦ https://t.co/ozSrD2NfJh,"[-80.192, 25.7752]"
119661566,"This Sunday. FREE. At Trade! 

You asked for it, and we are proud to provide it...THIS SUNDAY, come play with us anâ€¦ https://t.co/RHVjMrJoDq","[-77.03236, 38.90926]"
35228085,SATURDAY. Weâ€™ve seen Santaâ€™s list and youâ€™re on it! Please join #crawlinboston for Santa's Christmas CrawlÂ on Decemâ€¦ https://t.co/JM74HiqBM2,"[-71.0565, 42.3577]"
50706690,Cleared: Incident on #Q58Bus Both directions from 108th Street &amp; Horace Harding Expressway to Horace Harding Expressway:College Point...,"[-73.852134, 40.737648]"
50706690,Cleared: Special Event on #TheBeaconTheatre,"[-73.981383, 40.780449]"
50706690,Cleared: Incident on #Q58Bus from 108th Street &amp; Horace Harding Expressway to Horace Harding Expressway:College Point Boulevard,"[-73.852134, 40.737648]"
50706690,Cleared: Incident on #LTDBus from 108th Street &amp; Horace Harding Expressway to Horace Harding Expressway:College Point Boulevard,"[-73.852134, 40.737648]"
52272942,Cleared: Incident on #Q58Bus Both directions from 108th Street &amp; Horace Harding Expressway to Horace Harding Expressway:College Point...,"[-73.852134, 40.737648]"
52272942,Cleared: Special Event on #TheBeaconTheatre,"[-73.981383, 40.780449]"
52272942,Cleared: Incident on #Q58Bus from 108th Street &amp; Horace Harding Expressway to Horace Harding Expressway:College Point Boulevard,"[-73.852134, 40.737648]"
349507870,"One smile at the time... #happyness #latina #la #laactors #actress #elenarojas @ Los Angeles, California https://t.co/FiANxwMw9a","[-118.243, 34.0522]"
52272942,Cleared: Incident on #LTDBus from 108th Street &amp; Horace Harding Expressway to Horace Harding Expressway:College Point Boulevard,"[-73.852134, 40.737648]"
106164656,"Forever grateful for this. 
#wearefamily @ New Jersey https://t.co/NlSWulfKgW","[-74.5, 40.0]"
1.18899E+18,"When they only give u paper towels to wipe your teary eyes with and bc you wiped your tears overzealously, now yourâ€¦ https://t.co/mHrKEQGMW7","[-73.96570591, 40.76073257]"
69963323,"This food weighs like three pounds ğŸ˜¯ğŸ˜‹ğŸ˜‹
#TheTruthRuth #Dewishus #Yummy #FoodPorn #Nomnomnom #Wow #Eating #Healthyâ€¦ https://t.co/wzGNPQXWIL","[-118.2859335, 34.0247937]"
103400994,"The Toy Story Christmas Special. With special guest, Goggles. Mr. Potato Elf.

#goggleshasspoken #elfontheshelfâ€¦ https://t.co/tsGGHRWo6i","[-82.37835173, 27.26958849]"
2669983818,near bsgstblender: 788e6e69-e737-4ff1-a65f-bf92f4cd033b,"[-80.0505398, 40.4313474]"
7.0553E+17,"Join us for a special occasionğŸ¸

To attend click on the link below â¬‡ï¸
https://t.co/9cWwJLIfXE

LIMITED ENTRY

On beâ€¦ https://t.co/OfqkGA7aB1","[-115.17149, 36.10248]"
18144801,"Opening night of Love Actually, Live. So excited to take the stage this Sunday, Dec 8 thru Thurs, Dec 12 for my gueâ€¦ https://t.co/RHh46r0zho","[-118.40187905, 34.07243746]"
97847883,I'll be painting live at 1st Friday!! joebluessa @bluestararts last 1st Friday of the year?!!! So come on out ... Tâ€¦ https://t.co/LOL0KcUTZk,"[-98.4955631, 29.40904755]"
209755317,If youâ€™re in Richmond this weekend come check out the Winter Print Fair at @studiotwothree !!! I will have some lovâ€¦ https://t.co/NRSWz3XCAt,"[-77.4371, 37.5373]"
4191239027,"0417Z
N951LA COUNTY OF LOS ANGELES
Squawk: 1206
N34.0316 W118.2437
Altitude: 900ft
Course: 118Âº
Groundspeed: 99kts","[-118.24372, 34.03157]"
34694406,â€œI donâ€™t wanna be a one-man band...â€ Love doing life with my people! @ryanhurd and @olddominion were fabulous!!!â€¦ https://t.co/aYIVhXq920,"[-115.1543558, 36.10900262]"
1.15781E+18,"Tomorrow will be a special day. Tomorrow, Marco Collins will play our music on 90.3 KEXP. Itâ€™s really amazing to thâ€¦ https://t.co/2WDhWc2Yuz","[-122.35520919, 47.6227683]"
406842590,"The Adam and Eve statues...
#biblical #creation #nyc #art #fernandobotero #newyork #newyorkcity #columbuscircleâ€¦ https://t.co/1AeBTIN2f3","[-73.9825211, 40.7678604]"
1491133861,Chron - Drinking an Icarus Lives by @Culminationbrew at @FDTaphouse  â€” https://t.co/MjuZ0gYkK5,"[-122.554, 45.6216]"
1491133861,Drinking a Multnomah County Stout 2019 by @Culminationbrew at @FDTaphouse â€” https://t.co/nKnbeKwl8n,"[-122.554, 45.6216]"
27077191,"Enforced. The Warehouse - Richmond. 2019. 
#metal #metalphoto #metalphotography #thrashmetal #thrash #richmondmetalâ€¦ https://t.co/bp6UrL4zvz","[-77.46949146, 37.56161154]"
2669983818,near bsgstblender: b81f44ff-5697-4dcf-9f1f-7a6a3faa626e,"[-80.0505398, 40.4313474]"
28501686,Just posted a photo @ Elixir Gallery Salon https://t.co/77xR00dLsD,"[-89.98431, 34.82397]"
382350434,"Having a ball of a time with our friend Logan from Pre-K!
New York misses you, buddy!

#californiaboy @ The Americaâ€¦ https://t.co/35EQYI0zAY","[-118.25676, 34.14469]"
758033810,Join me tonight at the one and only @thedownandout for â€œPerreo Nightâ€. Featuring all your favorite Latin hits. Dancâ€¦ https://t.co/AlgS6auQIg,"[-118.25046, 34.04702]"
264422466,"Get em!! @ Pasadena, Texas https://t.co/BjXwqWSq0R","[-95.2092, 29.697]"
3460872133,"Pink morning through trees
dark branches feeling red tones
fading fast to blue

 #haiku #twiku #artofpoetsâ€¦ https://t.co/cv2OflQipN","[-118.39561, 34.14453]"
166470163,"Made a quick detour through what they call 'Christmas Town USA' after work tonight. @ Mcadenville, NC Christmas Towâ€¦ https://t.co/rPlmW3SGLN","[-81.07916667, 35.26388889]"
1570028983,"Her reaction is everything!!!ğŸ¤©â˜ºï¸ Yes Ariel!ğŸ’ªğŸ¼ğŸ”¥ğŸ‘€ #targetpractice
â€¢
â€¢
#dr3_pitching #proudcoach #pitchinglessonsâ€¦ https://t.co/UkRTJz94Sf","[-82.80704861, 32.98908087]"
452483362,"we've provided with an amazing room to work this craft

that was a different kinda feeling i must say â¤ï¸â¤ï¸â¤ï¸

Thankâ€¦ https://t.co/0d2XAon7HR","[-71.10478, 42.39765]"
1.01434E+18,"Greetings,the long awaiting  video from YSM Empire is out now.Please like, comments,subscribe and share on every soâ€¦ https://t.co/l4PHzPWHj8","[-118.243, 34.0522]"
2305737500,Calling all 10 year old and under ballers ! 7v7 Passing League needs the best 10u athletes the county has to offerâ€¦ https://t.co/CS8Jhq5wbf,"[-119.0391, 34.2231]"
269941394,Hogs players meeting! Itâ€™s good to be a Hog! â¤ï¸ğŸ—ğŸˆ @ Rio Linda High School https://t.co/oXKGjK2wSK,"[-121.438515, 38.682243]"
47416273,Yep ğŸ’€ğŸ’€ğŸ’€ #Realz @ Woody's Jerkwater Pub https://t.co/PSfY58wPPr,"[-76.14821343, 43.10772974]"
97593096,"#goals #energy #purpose @ East Mount Airy, Philadelphia https://t.co/XlIHQjR5xC","[-75.18105768, 40.05944172]"
261004480,"The Jones family would rather have all the power than a properly functioning front office. We need a REAL general manager. 

#DallasCowboys","[-82.38935304, 28.23179671]"
4606285469,Thank you to Father Steve for coming in today to talk and pray with us! @benetredwings @ Benet Academy https://t.co/chAwc5T18b,"[-88.09487621, 41.78459656]"
141104778,"å¸Œæœ›æˆ‘å€‘éƒ½æœƒæ„›ä¸Šå°çš„äººå› ç‚ºæˆ‘å€‘éƒ½å·²ç¶“è¢«æ„›äº†é‚„æœ‰æˆ‘å€‘éƒ½æ˜¯å¯æ„›çš„å’Œå€¼å¾—ã€‚

#æ„› #æ„›æƒ… #ç«ç‘° #ç´…èŠ± #èŠ± #ç´…ç«ç‘° #ç´…è‰² #å¯æ„› #å€¼å¾— #æ„›ä¸Š @ Claremore, Oklahoma https://t.co/twITnPDtwa","[-95.6128, 36.3152]"
1641535532,Happy birthday to these two pups. Love them to the moon and back. #dude #dudethedog #chloe #chloethedogâ€¦ https://t.co/HT7ScO3h66,"[-118.33333333, 34.1]"
7.33683E+17,"Nugget Hill (Shoshone County, ID) https://t.co/iSX1luq81T https://t.co/aj4d4W1wZU","[-115.5509844, 47.2229782]"
3317110029,"Iâ€™m not perfect, but my nails can be! ğŸ’…ğŸ¼âœŒğŸ¼#dippowdernails #pinkdip #flowernailart ğŸŒº

BOOK YOUR APPOINTMENT TODAY!!â€¦ https://t.co/6BhKtFFHqM","[-80.36781558, 25.75660754]"
87471632,Downtown @ Magianno's Italian Restaurant https://t.co/eO4vlfRLDX,"[-104.99048993, 39.74310192]"
281136687,This week Is presentation week also for my MBA Plus One students. TheyCallMeProfessorCarr is conducted final projecâ€¦ https://t.co/RHXYDlzymv,"[-88.36559035, 41.79415158]"
20916563,It may be a mans world....but it wouldn't be NO-THING without a woman or a girl! #Nowplaying #Jazz https://t.co/nvnv53drbG,"[-74.1681136, 40.7386931]"
128418121,"#skillstopaythebills #Tony #unicycle #stayinschool  two more follows and we hit 1000!
.
.
.
#circus #unicycle #jumpâ€¦ https://t.co/gjqTwsHrQf","[-84.5496, 39.09354]"
275130474,elonrmuskk we out of space ğŸš€ @ SpaceX https://t.co/DpvWWACkVx,"[-118.32705018, 33.92091013]"
118594124,Some winners and losers in the sculpture garden at @pintamiami. ğŸ”´ğŸªğŸ† #pintamiami #WinOrLose @mana_wynwood @ Mana Wynâ€¦ https://t.co/oDFgowfnez,"[-80.20182, 25.79855]"
7.43595E+17,We're hiring! Click to apply: Staff/Senior Reliability Engineer - Rotating Equipment Specialist -â€¦ https://t.co/EE8UA3lH1D,"[-122.6764816, 45.5230622]"
9.78659E+17,"â™¥ï¸â™¥ï¸â™¥ï¸ @ New Llano, Louisiana https://t.co/3CyYCoszbG","[-93.27259, 31.11288]"
261360939,"Â¡Bendecida y muy feliz!
Blessed and happy! @ Las Cruces Public Schools https://t.co/ZD2xq79yAB","[-106.7753444, 32.30416902]"
9.23222E+17,"ğŸš¨ğŸš¨NEW LISTINGğŸš¨ğŸš¨ in Lake Marion Resort - 3 bedroom/2 bath Condo for just $125,000!!!!
-
-
-

Move in Ready and renovâ€¦ https://t.co/B6YvAOlrvR","[-81.4701, 28.1431]"
321532392,This is one of my favorite stamp sets because of the pumpkin guts and carving tools. I had to stamp all the faces oâ€¦ https://t.co/r6m7ntgr4z,"[-97.6138, 30.4365]"
234643695,Camina nocturna por la Alameda Zaragoza... a ver si alcanzo a saludar a Santa ğŸ„â›„ï¸ğŸ‰ğŸŠğŸ en Alameda Zaragoza https://t.co/av8En0XS7K,"[-101.00837127, 25.42510969]"
1491133861,Drinking an Electric Daydream by @Culminationbrew at @FDTaphouse â€” https://t.co/chXmfe7lfV,"[-122.554, 45.6216]"
1491133861,Drinking an A West Coast Story by @Culminationbrew at @FDTaphouse â€” https://t.co/8hVMMt4eM7,"[-122.554, 45.6216]"
27650548,"SABADO 21 DE DICIEMBRE EN LA CASA DEL MOGONGO.... @ Yonkers, New York https://t.co/WN8XwYKWlb","[-73.8644, 40.9415]"
1571876041,Felt cute might delete later... ğŸ™ˆğŸ™ˆğŸ™ˆ #gaynerd #gayboy #instagay #latinboy #colombianmen #caleÃ±o #gaygeekâ€¦ https://t.co/nNnimLjfyO,"[-80.0572, 26.7086]"
30778976,@AnnaCSchwartz1 #portrait #style #face #editorial #cool #chill #iconic #unique #beauty #pop #natural #photoofthedayâ€¦ https://t.co/aSLVw4PSJY,"[-74.0064, 40.7142]"
28501686,Just posted a photo @ Elixir Gallery Salon https://t.co/sI1TLxyZM7,"[-89.98431, 34.82397]"
615788207,Wash &amp; Fold Pick up and Delivery Service call to schedule for service 210-979-7245 #washandfoldâ€¦ https://t.co/yWn7eRLzkt,"[-98.58107263, 29.54589612]"
134581728,"I'm at PabellÃ³n M - @pabellon_m in Monterrey, NLE, Nuevo LeÃ³n https://t.co/9pgiYmhkDk","[-100.3312605, 25.6674883]"
1602852614,"UNWANTED PERSON at 8600 SW BARBUR BLVD, PORT [Portland Police #PP19000417358] 20:08 #pdx911","[-122.703888, 45.462502]"
55753222,"Tomorrow will be a special day. Tomorrow, Marco Collins will play our, @alineandwes , music on 90.3 KEXP. Itâ€™s realâ€¦ https://t.co/FiPn2aeztS","[-122.35520919, 47.6227683]"
2291608040,"Interested in a job in #LosAngeles, CA? This could be a great fit: https://t.co/cRlzmCdy8J #CareManager","[-118.2451528, 33.9239277]"
1065905557,For the first time this season he is back because of Mitch Trubisky. He caused this. Throwing in coverage and runniâ€¦ https://t.co/sVsCcfPSo8,"[-96.7977, 32.7774]"
952386331,Celebrating Disneyâ€™s Birthday! ğŸ„â˜ƒï¸ğŸ„Donâ€™t forget to stop by and pickup an Angel off our Angel Tree for the Boys &amp; Giâ€¦ https://t.co/it9weHtpVV,"[-96.7047898, 33.19831542]"
206063011,Section 3 model creation and editing presentations at the deadline... itâ€™s the most wonderful time of the year! @ Tâ€¦ https://t.co/qmBUiKkdu8,"[-79.3872, 43.648]"
36053100,"I'm at Encore Boston Harbor in Everett, MA https://t.co/xQNClEPLrR","[-71.068185, 42.396397]"
20667173,#BedtimeWalk in #RiversidePark with my girls #Ella &amp; #Sadie ğŸ¶ğŸ¾ğŸ¥¶ğŸ’— #doggyclients #lovethemsomuch #sweetheartsâ€¦ https://t.co/B9HFFL1Yr0,"[-73.96865129, 40.80680943]"
1.01363E+18,Cap Highlights (his hair is short!) and tint for the win on my son @The_MagizRed .... his natural level is betweenâ€¦ https://t.co/JJdWa6Rj9J,"[-117.20866756, 33.13316806]"
48108624,"vinnycamp23 dropping ğŸ’s 
ğŸ“¹: krissydubz @ BoxFit San Diego https://t.co/Hl0vu6vYX0","[-117.1298, 32.75238]"
50706690,Closure on #BrooklynBatteryTunnel https://t.co/rhKD8L0sMU,"[-74.011974, 40.692515]"
7.58415E+17,TEST_LAT/LON: 89d89526-30b6-42ab-9eb9-893e9d88d2ff,"[-122.39872, 37.781157]"
29864124,...and the big man himself! Good stuff ğŸ…ğŸ»ğŸ„ğŸ #BakersfieldChristmasParade #Bakersfield #Christmas #Parade #SantaClausâ€¦ https://t.co/W9LSWkLz5T,"[-119.019, 35.3781]"
1093533133,"#NBA #NBAMVP #basketball
#SportyNerd #DataSayWhat 
Date: 11/3/19 
Score: #Kings 113 - #Knicks 92 
Team:â€¦ https://t.co/oAXMnKkeic","[-121.50002616, 38.58078353]"
20188642,"#hockey #rollerhockey (@ La Kings Burbank Sports Center in Burbank, Calif) https://t.co/vuuaQy1ESI https://t.co/UEP6BFOuN0","[-118.34569, 34.18516]"
7.45711E+17,"Added some song audio to this video for #tiktok! 

#spiderman #marvel #marvellegends #marveluniverse #marvelcomicsâ€¦ https://t.co/Q8SjzqBIUJ","[-73.98959398, 40.703253]"
124255085,"(Last one of the night) They love their mama! @ Branson, Missouri https://t.co/gmEsaIwJpx","[-93.2139, 36.6442]"
926624478,"Cheers to the best combination ever! Put one of these under someoneâ€™s tree. @ San Diego, California https://t.co/ma3NA9SSOJ","[-117.1585, 32.7155]"
31661882,#SelfMade #DjChose #LilKeke @djchose @donke713 ğŸ‘ğŸ½ğŸ‘ğŸ½ğŸ’ªğŸ½ğŸ’ªğŸ½ğŸ’¯ğŸ’¯ğŸ™ğŸ½ğŸ™ğŸ½ğŸ¤˜ğŸ½ğŸ¤˜ğŸ½ğŸ”©ğŸ’™ @ Screwed Up Records &amp; Tapes https://t.co/QT1MumoiNj,"[-95.42975, 29.614]"
46048491,"Just posted a video @ New York, New York https://t.co/iN9JN3eBrA","[-74.0064, 40.7142]"
284555318,"Botox Capillary, Keratin Treatment  $ 150
#hollywoodfl @ MACH 1 BEAUTY SALON https://t.co/JrovE92iEn","[-80.1447684, 26.0132304]"
4191239027,"0419Z
N951LA COUNTY OF LOS ANGELES
N33.9987 W118.1864
Altitude: 800ft
Course: 128Âº
Groundspeed: 108kts","[-118.18638, 33.9987]"
30178643,"â™¡WANDERLUST PARTY @ #SAGAMOREHOTELğŸ’¦ğŸ’¦ğŸ”¥ğŸ”¥

#ARTBASEL #ARTBASEL2019 
#PartyHoppin #AvantGarde #MIAMIARTWEEK #MiamiBeachâ€¦ https://t.co/6EpxQKMTgy","[-80.12884, 25.79162]"
111470708,"What a scary, funny, weird, wild show ğŸ‘ğŸ»ğŸ‘ğŸ» Saw â€œScotland, PAâ€ tonight (thanks for the recommendation, @pkhorn â¤ï¸) wâ€¦ https://t.co/5oX5i3qcPZ","[-73.98279, 40.75778]"
1.00333E+18,"// â€œwhatâ€™s 9 plus 10?!â€ 
â€¢
â€¢
#iykyk #finally21 #cheerstobeinglegal #studyingforfinalstho @ Faneuil Hall Marketplace https://t.co/A5I2zH2yHp","[-71.05528539, 42.36015201]"
2339778704,"Downtown Saltlake City Utah 
So nice and So cold ğŸ˜

@USWeightlifting #christmaslights #coldweather #goodfriendsâ€¦ https://t.co/0yK63JZ3uB","[-111.883, 40.75]"
1491133861,Whoa now! - Drinking a Neon Valley II by @Culminationbrew at @FDTaphouse  â€” https://t.co/Zyyw6bnAYx,"[-122.554, 45.6216]"
213009206,Drinking a Merry Christmas &amp; Happy New Year (Our Special Ale) (2019) by @AnchorBrewing @ Casa CoÃ±ejo â€” https://t.co/SIkhAXnknD,"[-98.4897, 29.4081]"
162805587,#StillettoSleek #ShoeAddiction #LifeNheels #PAHH @ Washington D.C. https://t.co/cMZu5KP2cg,"[-77.0367, 38.8951]"
478888897,"Super FUN, glittery Christmas  ornaments  at Frank on Morse Boulevardâ—ğŸ„
â€¢
ğŸ˜ Thinking you may want to see moreâ“ ğŸ˜‹ Ofâ€¦ https://t.co/QNyihtqm6C","[-81.35062, 28.59794]"
4904832944,#NBC #CNBC up next #comediantrel #Work #Comedy #weonthat @ United States https://t.co/RKdifnmfD3,"[-100.0, 40.0]"
1.09107E+18,We're hiring! Read about our latest job opening here: Custodial Services Worker - General Mills Technical Centers -â€¦ https://t.co/n90nWTQlwF,"[-93.3906656, 44.9790228]"
251418781,"Take the message outside of the 4 Walls!!! Itâ€™s our resposibility!!
Llevando el mensaje fuera de las 4 paredes!!! Eâ€¦ https://t.co/IQ8Y8yPeHN","[-117.1585, 32.7155]"
23857414,"My son is in ğŸ• doggy heaven ğŸ’œğŸ™ğŸ½ğŸ’œğŸ™ğŸ½ğŸ’œğŸ™ğŸ½ğŸ’œ @ Boardman, Ohio https://t.co/xTGxdf4wsr","[-80.6654, 41.039]"
28039082,Daddy has to work at church until late. So Adrielle has to stay up late with daddy. Itâ€™s now more than 2 hours pastâ€¦ https://t.co/nHT58f4EVs,"[-87.85956336, 42.02986969]"
19387459,"Fantasia (@ Paramount Theatre for Fantasia in Oakland, CA) https://t.co/0iAJXU5C0I","[-122.26875446, 37.80987982]"
1.10211E+18,"#BESTWAY2SMOKE      #cultivate  #growweed #harvest 
#indica #sativa #smoke #smokeweedeveryday #cannabis #maryjaneâ€¦ https://t.co/bmM6f9pmOS","[-118.243, 34.0522]"
92989108,"Victoria 7:30 this morning:-) What does it look like in your area at that time?ğŸŒ„ @ Victoria, British Columbia https://t.co/uqhHjLoBCZ","[-123.3645, 48.4287]"
193981318,"Unfortunately, I think the best you can do when combining the words FITNESS + ART = FART ğŸ˜³ @ Peak 360 https://t.co/EE7IVXFHTk","[-80.30316878, 25.69526932]"
1455944126,"This evening our Thursday night Teens
had their first basketball game at East High School.
Of course they waited unâ€¦ https://t.co/JhKkiRBbAu","[-82.96089, 39.96727]"
32652673,View(s) from a hotel balcony. The lights of Vancouver! Swipe left. #48hourvacation @ Wedgewood Hotel &amp; Spa https://t.co/fw4P2kE37x,"[-123.12281, 49.28232]"
31289961,#ThatPintoLife  - Congrats to Brianna for being named 1st Team All-America in her sophomore campaign. Next step isâ€¦ https://t.co/3nwNYqi35Y,"[-121.8865, 37.3376]"
73935317,"#tbt to hanging out with the best #dictator  I know! gbfitgirlbalance
#iloveyoumore #friendshipgoals @ Carlsbad, Caâ€¦ https://t.co/mJm4MQjzzs","[-117.297, 33.122]"
3305235366,"Positivity Challenge - Day 57(Effort equals support) VIDEO CUT OUT ON ME :/
No matter what you are doing, give theâ€¦ https://t.co/d65ngoQMVL","[-96.7977, 32.7774]"
1602852614,"UNWANTED PERSON at 10600 NE EVERETT ST, PORT [Portland Police #PP19000417304] 20:06 #pdx911","[-122.553485, 45.524169]"
629244983,Another strong game tonight for the Panthers.ğŸ€â¤ï¸ @ Orange High School (North Carolina) https://t.co/OrSVwe02GC,"[-79.09580797, 36.09294429]"
48668704,"Lovely sunset to finish off sunset an amazing week. Yeah, this rooftop bar isnâ€™t getting old... #teammeeting @ Theâ€¦ https://t.co/Tm4nb8kFz5","[-97.74037278, 30.26668519]"
2294887003,"Can fruit be photogenic? @ Oklahoma City, Oklahoma https://t.co/GKtNSFVwdf","[-97.5195, 35.4689]"
33697653,jonasbrothers @nickjonas @joejonas @kevinjonas So lucky I got to see 2 shows on the #HappniessBeginsTour â€”- inâ€¦ https://t.co/D7zgPqskys,"[-95.928342, 41.26251735]"
482708653,All three fit in one row in my rental Nissan Armada.  They like being next to each other.  â¤ï¸  The ride home from pâ€¦ https://t.co/2FqusoSVKL,"[-104.6086, 38.9332]"
201132228,EST! EST! EST! @binkyinthehouse #NXTJacksonville @ Maxwell Snyder Armory https://t.co/JoHMrLo6cl,"[-81.8213802, 30.27808649]"
94425545,"Santa! I know him! We had a blast baking cookies with Santa at my parents house back in October. ğŸ…ğŸ»
Emma Kate was aâ€¦ https://t.co/fX13NWzZVJ","[-90.1086, 32.4571]"
260425008,Not â€˜feelingâ€™ that drive up to NCHS early this morning... but God made it worthwhileâ¤ï¸â¤ï¸ #yeahimthatmomâ€¦ https://t.co/XNftjh9NsG,"[-84.61527778, 34.02333333]"
14821224,"Yum-yums! 
(Approximately $4.50 lbs. hanging weight.) @ Edinburg, Pennsylvania https://t.co/tdEMrZM53s","[-80.43705, 41.01444]"
43624668,"See our latest #Elmira, NY job and click to apply: Director of Rehabilitation - https://t.co/dymbAFTtgJ #Healthcare","[-76.8077338, 42.0897965]"
159540312,Rocking around the photo booth with Santa at @theRoostertail tonight! #photobooth #detroit #detroitphotoboothsâ€¦ https://t.co/9Z9yw3MzYe,"[-82.97342777, 42.35546778]"
16372127,11pm: Mostly Cloudy -0.3C - Feels: -5C / 23F] - - Wind: S 15km/h - Barometer: 101.8 kPa v - Vis: 24.1km - Hum: 74% #Toronto #Weather,"[-79.61174011, 43.68059921]"
520705055,#Prince ğŸ¤´ğŸ¿ #Braydaman #BrayBray #Brayday #KidModel #BabyModel #MaleModelBray ğŸ‘£ #BraydenJamesJacobs #Love #MyğŸŒ #MyğŸ–¤â€¦ https://t.co/mV5NLcGOVg,"[-84.7231, 33.7497]"
50706690,Construction on #HollandTunnel EB from New Jersey Side - South Tube to New York Side - South Tube https://t.co/0qIBhMTbNg,"[-74.02468, 40.728114]"
50706690,Closure on #LincolnTunnel EB from New Jersey Side - South Tube to New York Side - South Tube https://t.co/0gXsoS81N1,"[-74.014917, 40.764602]"
8.22648E+17,"the one where they travel back to starkville! (ft bad lighting) @ Starkville, Mississippi https://t.co/4nFeBAUbD5","[-88.82, 33.4625]"
5713492,"My buddy! Yes I look like Ted Kasinsky @ Atlanta, Georgia https://t.co/JfMi8gGvQx","[-84.3889, 33.7566]"
25322047,Just posted a photo @ The Hat https://t.co/hgZ9dNsBmD,"[-117.87400399, 34.12901147]"
154989312,@itsmartinv Si,"[-111.92281842, 33.49255371]"
287967787,"ğŸŠ TIS THE SEASON OF GIVING BACK! ğŸŠ
â—¾SUNDAY DECEMBER 22NDâ—¾
.
ğŸ»ğŸš’ğŸ  ANNUAL TOY DRIVE ğŸ ğŸš’ğŸ»
WE DO IT FOR THE KIDS! ğŸ‘©ğŸ‘¦
.
INâ€¦ https://t.co/DwAJzyqxYJ","[-79.094479, 43.8324251]"
21870485,"My favorite part of every flight...
@southwestair 
.
.
.
#takeoff #southwestairlines #chicagomidway #travel @ Chicaâ€¦ https://t.co/r5c3GW3AWJ","[-87.74588742, 41.78656582]"
952227121,"Showtime!!! #dopetheband #virusonguitar #grateful @ Des Moines, Iowa https://t.co/XTTacVXsCB","[-93.6209, 41.5909]"
105995291,"Introducing my bestie to Persian food. 
#kashkebademjoon
#kabob #denver #denvereats #foodphotography #getinmybellyâ€¦ https://t.co/EbsdOGeyhf","[-104.87669, 39.5957099]"
4191239027,"0420Z
N951LA COUNTY OF LOS ANGELES
Squawk: 1206
N33.9738 W118.1628
Altitude: 700ft
Course: 150Âº
Groundspeed: 114kts","[-118.16282, 33.97382]"
1.15823E+18,Great rolls tonight with these savages! Big ups to the broski thegabeburg competing f2wbjj on Saturday ğŸ¤™ğŸ½ #bjjâ€¦ https://t.co/VVchN05Zus,"[-119.79887, 36.80819]"
30940438,Angel pee in a glass!!! - Drinking a Scottish Ale by Woodwright Brewing Company @ Woodwright Brewing Co.  â€” https://t.co/tDZAvj6T58,"[-82.7877, 28.0155]"
3665330315,One of my faves. 1 of 15 kegs in Jville thanks to Ashley. Love how SN allows Malta and hops shine thru with no gimmâ€¦ https://t.co/zqdSwp4Kyj,"[-82.1238, 30.263]"
126371773,"While we each have our own stories and strengths, at Chartwells K12 we share a common goal: To always bring our besâ€¦ https://t.co/pBtkdlz63S","[-77.4443901, 37.543059]"
336229406,Don't touch anything! #gamerdad #videogames #starwars #mandalorian #babyyoda #xbox #playstation #nintendo @ Cybertrâ€¦ https://t.co/00I0Yg5Itj,"[-81.33182, 28.80655]"
14308635,"Awwwww yeah @ThieveryCorpDC !!!! #Spotify #spotifywrapped #decade #thieverycorporation @ Morgan Hill, California https://t.co/ofRY2Vi5qY","[-121.6513, 37.1327]"
228915027,"An amazing meal at Truluckâ€™s; jumbo stone crab claws, Australian cold water lobster tail with asparagus &amp; bernaise,â€¦ https://t.co/zz0kvnW4ED","[-95.46996235, 29.7398995]"
3235051842,We're hiring! Read about our latest job opening here: Part-time Cuisine Team Member - https://t.co/cfW1JjItGh #highered #VanWa,"[-122.6508104, 45.657175]"
25196120,When my baby girl is sick my whole world is turned upside down (Any of them. She has a slipped disc in her neck andâ€¦ https://t.co/N5duWfW3VO,"[-121.9651171, 37.3171764]"
228275564,#thelorchies do #NYC ğŸ—½ #travelgram #newyorkcity #vacationgram #instaview #howwedo #vacationmode  #timesquareâ€¦ https://t.co/3KdOptAiXy,"[-73.98644, 40.75839]"
973245247,"Now Playing
ashbashtharapper 
#TheDash
On
#ItsAllAboutSupportRadioShow 
https://t.co/L74CxlwgDC
#itsallaboutsupportâ€¦ https://t.co/ohVS0Of856","[-115.149, 36.1675]"
290774349,"The #SmokyMountainChristmasCarol! ğŸ„ @DollyParton made an appearance, too! â¤ï¸ What an amazing night. (@ Citi Performâ€¦ https://t.co/scKz8oWeFB","[-71.06532939, 42.35243231]"
261360939,"Â¡Bendecida y muy feliz!
Blessed and happy! @ Las Cruces Public Schools https://t.co/IFVVWfaKbY","[-106.7753444, 32.30416902]"
46048491,"Christmas vibes @ New York, New York https://t.co/BioLVvL9Rl","[-74.0064, 40.7142]"
3379867821,"Pardner, fuck the rullichies","[-97.4458, 35.2086]"
8.76306E+17,Show call  ğŸ–¤ğŸ–¤ğŸ–¤ğŸ–¤ #fullsend #stagehand #selfie #blackgirlmagic  #allblackeverything #naturalhairstyles #manechoiceâ€¦ https://t.co/UsZhEy93ZD,"[-115.149, 36.1675]"
1.03936E+18,"The gift of a SMILE, a gift that last forever. 
Some people look for the perfect smile, we create them
Your Smile:â€¦ https://t.co/B7Pa8SuX0N","[-80.26016, 25.76427]"
151544596,"Best diner for pie (at @Rudfords Restaurant in San Diego, CA) https://t.co/cygsNjxUEE","[-117.13121699, 32.75551834]"
4488479653,Great sale! https://t.co/5bSByBMXyH,"[-98.402121, 29.565832]"
1.14036E+18,åˆæ—¥ã‹ã‚‰ç–²ã‚ŒãŸã‘ã©å¤•é£¯ã‚´ãƒã«ãªã£ã¦è‡³ç¦w,"[-118.2717, 34.08609]"
2613708570,"Save the Date: Yule Y'all is this Saturday, Dec 7th! happihare plans to featured one style each day, today: cancerâ€¦ https://t.co/LDIYGkDsuA","[-86.59797, 34.71658]"
187553169,Juntos ... the best of my Life camidance_ pablovool #art #fashion #artbasel #wynwood #family #artistsâ€¦ https://t.co/TxlavWQ9GO,"[-80.199, 25.804]"
3293681879,Jones Falls 2: Running https://t.co/DJ6mdIHdLG,"[-76.64416667, 39.37766667]"
3293681879,Jones Falls 3: Running https://t.co/Vz1O5fbWd3,"[-76.64, 39.3275]"
50706690,Construction on #GeorgeWashingtonBridge EB at New Jersey Side/Upper Level Toll Plaza https://t.co/RAPamVBMTP,"[-73.9659, 40.854148]"
37077850,"Beautiful view from Troon North #troonnorth #scottsdale #az #realestate #call me 4808228595 @ Troon North, Scottsdaâ€¦ https://t.co/PxIG8LBtB5","[-111.84774399, 33.74114227]"
2158277286,"#successquotes #successmindset #garyvee @ Tucson, Arizona https://t.co/Lp1y60DsLn","[-110.9708, 32.219]"
19257765,"Just posted a video @ Los Angeles, California https://t.co/6BHJqfmJ1Q","[-118.243, 34.0522]"
162805587,#FirstDaughter #PreachersKidFlo #DaughterOfApastor Celebrating My Pastor Rev Dr. Carl E Keels &amp; My First Lady E Patâ€¦ https://t.co/kUlCgLHIpZ,"[-76.90851433, 38.90182519]"
2332599062,"I LOSE ALL OF MY PENS AND MARKERS!

BECAUSE OF MY CAT!

Freaking Leia knocks my shit down then lays in my chair eveâ€¦ https://t.co/ANwN9iHxP3","[-115.149, 36.1675]"
162444328,On my way to the @rockcenternyc #ChristmasTree  https://t.co/zVzi4uaGez,"[-73.9817546, 40.7581393]"
3317110029,"Christmas is in the air! ğŸ„â„ï¸ğŸ’…ğŸ¼âœ¨ğŸ¤©

10% OFF (Mon-Wed, 10-2pm, Sun 11-2pm w/ FB/Yelp Check-in. 

BOOK YOUR APPOINTMENTâ€¦ https://t.co/UgojM3fbZf","[-80.36781558, 25.75660754]"
29345764,stschida26 and I celebrated a great 2019 at the @teamwomenmn holiday party tonight.  Looking forward to 2020! @ Theâ€¦ https://t.co/D74N3hxGQx,"[-93.32113459, 44.94323453]"
25148565,I like cold pasta and hot pasta the exact same,"[-90.0519962, 35.1482492]"
336796736,"The most popular show in Branson did not disappoint. Amazing! #thehaygoods @ Branson, Missouri https://t.co/0dxpRJKB0I","[-93.2139, 36.6442]"
247377285,Hanging with my fellow past @philambarassn president (and current filamlawyers president) nlpamg.  It has been tooâ€¦ https://t.co/Db8SNOwXFZ,"[-118.25401, 34.06638]"
57527008,"Happy hair ğŸ¥° happy girl, balayage lunaconsbruck @imhairstudio oligopro #balayage #hair #haircolor #haircutâ€¦ https://t.co/EtUPZNZFeu","[-118.3425293, 34.152359]"
1041276900,Just posted a photo @ Guildford Town Centre https://t.co/fLwvfWBPEb,"[-122.8011449, 49.1906001]"
386789996,"Available for #tattoo !!
#merrychristmas 
Set up appt for DEC NOW!! 
ğŸš¨Ask about my sales going on!! ğŸš¨
DM OR EMAILâ€¦ https://t.co/P8iJAHozov","[-117.1585, 32.7155]"
129366711,ğŸ‘„ğŸ“ğŸ»ğŸš¬ en CervecerÃ­a Alameda https://t.co/QaVdLqSZDT,"[-101.00711869, 25.42575165]"
1.03936E+18,"The gift of a SMILE, a gift that last forever. 
Some people look for the perfect smile, we create them
Your Smile:â€¦ https://t.co/PSNCLfbT3b","[-80.26016, 25.76427]"
12721812,"#tonight figure painting #model Tatiana #acrylics #cardboard @ San Anselmo, California https://t.co/iKDXL4SGEo","[-122.568056, 37.98]"
306845325,@poppin_yicc #LISTENINGPARTY #YoungOldNigga ğŸšğŸ”¥ğŸ¤‘ğŸ¤˜ğŸ¾ secretspgh @babyegypt17 #Photography @ CLUB Secrets 412 https://t.co/XXYHL7EQhA,"[-79.89585, 40.45505]"
8.89371E+17,Awesome Thursday.... thanks to @magnus_walker and @cccmanhattan for putting together a great event for an awesome câ€¦ https://t.co/nlTwBSznah,"[-74.00460362, 40.75815182]"
35857011,"Just posted a photo @ Detroit, Michigan https://t.co/RLXyS9StJT","[-83.0507, 42.3368]"
46444358,"NYFB Holiday Party 2019. @ New York, New York https://t.co/LRVYda2GAa","[-74.0064, 40.7142]"
339376286,A Ã¡rvore mais linda! #rockefellercenter #NY em Rockefeller Center https://t.co/nWSdQrrceH,"[-73.9781433, 40.7592652]"
155667624,"Join us this Sunday December 8th for Mr. Buddyâ€™s Sunday with aniyajazz from 5-7pm with #happyhour going ! 
.
.
.
.â€¦ https://t.co/iEsZFEIMtC","[-75.5516, 39.7486]"
7495912,@LauraBaileyVO #CRITTERS Weâ€™re gonna. Weâ€™d a â€œHow do I want to do this?â€ shirt!,"[-75.69585164, 45.41732788]"
2296490664,"T'is the season of deals and Mc Donald's offers until Dec 8th a cup of coffee (any size) for only 1$ ğŸ˜â¤
Happy festiâ€¦ https://t.co/YwCNOYE4ez","[-79.72916408, 43.56557979]"
2471688139,Push dunks stink.,"[-112.16738894, 33.55828857]"
362173561,"Happy Birthday to our amazing Zumba and Hip Hop Fit instructor Vitaliia! We hope youâ€™re celebrating all month, we lâ€¦ https://t.co/FYqHYGweXu","[-120.61185677, 35.12024452]"
425550794,"HE GOT SWAGGER â™¥ï¸ @ Cedar Falls, Iowa https://t.co/9n0pLWK2dZ","[-92.4457, 42.5221]"
303470163,"ğŸµğŸ¶ @ Berwyn, Illinois https://t.co/NIV6PRJ4GI","[-87.7934, 41.8505]"
333285663,Short video outside the St Louis Art Museum that has a nice collection of impressionist art (among other collectionâ€¦ https://t.co/0MIyMdbPbn,"[-90.19924355, 38.62681098]"
43756700,"Holiday Kick-Off with my 
RE/MAX Properties officeğŸŒ²ğŸ…ğŸ»ğŸ’ƒğŸ½ğŸ¥‚ @ Ramsey Golf &amp; Country Club https://t.co/O9dxXPAjAr","[-74.13286488, 41.0509516]"
48776799,"Day 28 : 100 day ğŸ¤³ challenge #proudofyou #100daysofhappiness
Didn't know I had such a cool looking reverse backgrouâ€¦ https://t.co/RYoikHroX1","[-77.43403834, 37.53602153]"
740874780,"12 15 19
 #newmusic #sadtrap #sadmusic #happysad #happysadmusic @ Franconia, Virginia https://t.co/i0wp8MG3zc","[-77.15866771, 38.76848914]"
22083874,What a game! Bears Win! #Chicago #Bears #ChicagoBears #TNF #ThursdayNightFootball #BearsPhoto #BearDownâ€¦ https://t.co/5hdWmZoIVP,"[-87.61652318, 41.86179321]"
3366328546,ğŸ¼ğŸ¨ @ Christie's https://t.co/0vlHdb8uPv,"[-73.9793416, 40.7581951]"
1606472113,"ILBURN - ILLEGAL BURNING at SE 9TH AVE / SE MADISON ST, PORT [Portland Fire #RP19000104852] 20:10 #pdx911","[-122.656718, 45.512935]"
202930376,Thanksgiving 2019 #ğŸğŸ‚ğŸ¦ƒ #familia #family #raffyveras # @ Zeckendorf Towers https://t.co/RquYPOkLPH,"[-73.9895, 40.73455]"
1602852614,"UNWANTED PERSON at 1800 W BURNSIDE ST, PORT [Portland Police #PP19000417360] 20:05 #pdx911","[-122.68996, 45.523188]"
1602852614,"DISTURBANCE - PRIORITY at 6800 SE POWELL BLVD, PORT [Portland Police #PP19000417314] 19:15 #pdx911","[-122.592598, 45.497163]"
1635954630,"Sipping wine at the local French restaurant La Buvette ! Spend a day in San Pedro Ca , youâ€™ll be glad you did !â€¦ https://t.co/rjPnQ9MzJx","[-118.28461, 33.73787]"
119221927,Someone got lucky ğŸ˜‚....  stanverrett @UnityPerforman1 @UnityPerforman1 aimsportsmedicine @mariosportsdoc lakes4lifeâ€¦ https://t.co/VJSGiRUPEq,"[-118.39118, 33.86297]"
26771406,This Downtown Chicken was caught running around spreading that soulful Freetown Sound!#sketchgroup #drinkanddrawâ€¦ https://t.co/BdnMst43tj,"[-91.99056, 30.09962]"
3301759003,"â€œAll Eyes On Me In The Center Of The Ring Just Like A Circus...â€ ğŸª 

#BritneySpears #Circus #LPVinyl #BArmyâ€¦ https://t.co/YlcyhPRweq","[-98.5, 29.4167]"
290554367,"What's for dinner?ğŸ¤” 
ORZO Pasta! Who knew this would be so good?!? Recipe said ArtIchokes, but oh well, only Heartsâ€¦ https://t.co/NTtOMkxdAx","[-87.632496, 41.883222]"
30983396,"Client holiday lunch! #delfriscos #centurycity #falalalala (at @Del_Friscos Double Eagle Steakhouse in Los Angeles,â€¦ https://t.co/P9oyVIMzQ2","[-118.41930052, 34.06016303]"
16599131,"Was so cool to get to be in the studio for the cnn Town Hall with @katskiles tonight! 
Not every day you get to takâ€¦ https://t.co/XMp0KMGKdr","[-77.0077699, 38.90059]"
2983505812,"Just posted a video @ Madison, Wisconsin https://t.co/OOC1liL9PP","[-89.38444444, 43.07472222]"
133839618,"I have to share this because I think itâ€™s AMAZING!!!!  Our wonderfully talented friend, p_n_j_k, whipped up this inâ€¦ https://t.co/LOl2d294mM","[-116.2020162, 43.6138436]"
700159770,"W.I.P. doing drawings by the alphabet to prompt my brain. This is ""B"" for the Blue Beetle. Going to go all the wayâ€¦ https://t.co/2M7CCYirEW","[-75.256, 41.5742]"
973245247,"Now Playing
@TroubleDTE ft @BOOSIEOFFICIAL 
#AintMyFault
On
#ItsAllAboutSupportRadioShow 
https://t.co/L74CxlNS2câ€¦ https://t.co/WL97TP4eUq","[-115.149, 36.1675]"
14708435,Hey guys check out the latest Xbox Uncut Podcast at Episode 288: Thanksgiving Leftovers  https://t.co/noZViTsvvs,"[-76.3695167, 36.8130915]"
58334104,Join me at one of my LAST SHOWS OF THE DECADE next Thursday at @unioneav with thecampaignatl! Entry is free til 10Pâ€¦ https://t.co/s1kn2xaAPP,"[-84.34635779, 33.74078133]"
1543826719,A wonderful birthday getting spoiled by my wonderful husband. And returning to the restaurant where you proposed...â€¦ https://t.co/zpdKDQSlBy,"[-74.0064, 40.7142]"
3266468840,Another great productive day levyproductiongroup @smoothbrideslv #commercial valleyviewhomeloans #lasvegasâ€¦ https://t.co/6JAN4kT6aK,"[-115.17691724, 36.06800802]"
201043651,"Life changes &amp; Life Changes! @ Detroit, Michigan https://t.co/YdXOhlbZGo","[-83.0507, 42.3368]"
21167895,Drinking a So Happens Itâ€™s Tuesday by @thebruery at @jhenrysdraught â€” https://t.co/zr6mDESlwc,"[-95.1557, 29.5818]"
15200055,Drinking a Hopster Pot by @thornbeer @ Outdoors Santa Barbara Visitors Center â€” https://t.co/IC386wTf0F,"[-119.694, 34.4042]"
95271456,Drinking an Ohana Brewing Citrus Breeze by @ohanabrew @ Ohana Brewing Co. â€” https://t.co/FGbDPnyW2R,"[-118.128, 34.0943]"
289330894,Excited to share the latest addition to my #etsy shop: #Timberland Euro Hiker Medium Width Mens Boot Wheat Nubuck Câ€¦ https://t.co/GjW9IkrWzv,"[-73.8309, 40.7]"
7.58415E+17,TEST_LAT/LON: 00c77cbe-438e-4875-9176-6f8852f1f26f,"[-122.39872, 37.781157]"
568474133,From where we would rather be ğŸ’Œ Brigitte Set and all @solidandstriped 50% off during our Holiday Pop up! Shop binsâ€¦ https://t.co/57fkDzuTSc,"[-122.33922946, 47.60776016]"
4606285469,Thank you to Father Steve for coming in to talk and pray with us! @benetredwings @ Benet Academy https://t.co/RxMwc11vqU,"[-88.09487621, 41.78459656]"
949058262,Todays #microblade session â¤ This client had faded microbladed brows done by someone else. They were thicker and hiâ€¦ https://t.co/VTM4D5HTtj,"[-117.91700214, 33.9177578]"
251818656,"Happy Holidays &amp; Merry Christmas, from our perfect little family, to yours #happyholidays #merrychristmasâ€¦ https://t.co/m2qVUnDv6L","[-118.243, 34.0522]"
55568071,BIG BABY x @theestallion ... much love to my @power98fm family ğŸ˜ @ Bojangles' Coliseum https://t.co/ccgOEWJsyf,"[-80.795103, 35.205164]"
1324562653,"Santaâ€™s not the only one wearing red this season. Ruby and diamonds at @TKPjewelryâ€¼ï¸ 
#tkp #tkpcustomâ€¦ https://t.co/kvHFTUcXAC","[-101.45822114, 32.2360166]"
611950763,"Ladies how true is this? #lmaoğŸ˜‚ğŸ˜‚ğŸ˜‚ğŸ’€ #top5 @ Houston, Texas https://t.co/ky5spDH5qz","[-95.3694, 29.7602]"
80699027,@JRWilliamsPro hes really not that great.,"[-112.03587781, 41.08108108]"
106609871,Excelente reuniÃ³n con colegas y amigos del gremio en Mty.ğŸ‘ŠğŸ‘®ğŸ»â€â™‚ï¸ en Los Hidalgos https://t.co/BySie56jcP,"[-100.32689027, 25.64736142]"
301015856,"I'm at Bay Lake Tower at Disney's Contemporary Resort - @waltdisneyworld in Lake Buena Vista, FL https://t.co/S7BaazfQtR","[-81.57308064, 28.41622793]"
622196797,Well this is one way to get through the holidays ğŸ·ğŸ·ğŸ· DM us for pricing or order â€œThe Drinkerâ€ package on our site aâ€¦ https://t.co/HrCSSqpV4j,"[-118.35257, 34.07586]"
9.33051E+17,#novemberfest pics by Billy Mabrey @ Texas https://t.co/1y4lBBvLnB,"[-100.0, 31.0]"
2986007101,"I'm at La Jolla Gateway in San Diego, CA https://t.co/oIwevc8O36","[-117.20643997, 32.87349155]"
25605744,I heard Jack White was skulking about... It's gonna be a fine evening! #Raconteurs #NoPhonesAllowed @ Crystal Ballrâ€¦ https://t.co/de8GRUjbXm,"[-122.68478, 45.52274]"
854203118,Pre bowling at the Bowladrome tonight. Snakes On a Lane couldnâ€™t be there for our regular Friday Night Mixers leaguâ€¦ https://t.co/rpUZ6SDdjO,"[-92.62449, 41.29535]"
1112959645,"Barrelhead Old Fashion... Cooperâ€™s Craft 82.2 Bourbon. Ye olde GH OF mix, bitters. 

#generalhorseplay 
#keywestâ€¦ https://t.co/GUgOrP2hZp","[-81.80492342, 24.55788707]"
973221210,Join the challenge listen up for details! ğŸ™ŒğŸ½ğŸ‘†ğŸ½ğŸ‘†ğŸ½ğŸ‘†ğŸ½ğŸ‘†ğŸ½At the end of the year I always do a real deep assessment and bâ€¦ https://t.co/nF5QT0O7TO,"[-95.3694, 29.7602]"
2205784296,"Official Married. Mr &amp; Mrs LaPierre. #married @ Laguna Beach, California https://t.co/soCjZsRvTH","[-117.769, 33.5315]"
4549072827,5500 Cantaloupe Avenue https://t.co/bJEhvTWayD,"[-118.43419132, 34.17047697]"
8.24638E+17,"""Big box blueberry wheatfuls "" in #Berkeley #UnitedStates https://t.co/qIorGc1eIr #foodwaste #free","[-122.278, 37.8675]"
162805587,#IdontMakeThisStuffUp #ThingsThatMakeYouSayHmmm #Intresting #TheseBammasRightHere #CowBoooooos @ Washington D.C. https://t.co/rXKYvqMpYw,"[-77.0367, 38.8951]"
785251808,"Want to work in Brisbane, CA? View our latest opening: https://t.co/I87kRoFdTk #Accountemps #Accounting","[-122.3999715, 37.6807661]"
146250340,#wine #pizzarock #lasvegas #neveda #roadtrip #winter2019 @ Pizza Rock Las Vegas https://t.co/rORxRp7IO6,"[-115.1422272, 36.1718102]"
2831863100,Hyundai Santa Fe lyft driver T793247C blocked the bike lane near 310A 5th Ave on December 5 and has been reported tâ€¦ https://t.co/TYbOUf0MZS,"[-73.98306315, 40.67308472]"
157084102,"Pastry Chef Denyseâ€™s Yule Log dessert, made for the private holiday celebration for our good friends littleleaffarmâ€¦ https://t.co/llKW4Li8Za","[-71.64651535, 42.58426138]"
25465177,I just finished running 3.00 miles in 27m:36s with #Endomondo #endorphins https://t.co/FF7250ZyaA,"[-123.11442409, 44.03397644]"
73548401,Sin luces aun @NavojoaGob https://t.co/9YWZ7xMD3v,"[-109.45428017, 27.0866531]"
87324230,"Today's progress on the model. 
This has been one of the coolest challenges yet. A 67 Mustang GT 500.
An Xmas giftâ€¦ https://t.co/djF7eJu54M","[-117.34955, 47.92969]"
387676464,louiecue presents: LIT W/ LOUIE ft Myself @djlittymontana and we celebrating my birthday and all SAGITTARIUS SZN!!â€¦ https://t.co/7Cf725v4a4,"[-87.66079, 41.85873]"
2973691630,May you always find the time to find yourself! â­ï¸ with the marvelous @JustB_M as the model in this piece about recoâ€¦ https://t.co/exMrg0LhWe,"[-73.5744, 45.5038]"
15558381,"ğŸ§„ roasted ğŸ— (at @BostonMarket in Santa Clara, CA) https://t.co/fdVC3fB8qb","[-121.96117178, 37.35199453]"
2934405698,"Donâ€™t I stunt on these bitches? Man Iâ€™m bad as a villain ğŸ˜ˆ @ Echo Park, Los Angeles https://t.co/L4tFx0aXU3","[-118.26049679, 34.07563371]"
35230291,"This guy!  Martin just does his thang as Brodyâ€™s elf.....DAILY!!    #smores #elfontheshelf @ Buckingham, Pennsylvanâ€¦ https://t.co/LKIlgEkAy4","[-75.05857, 40.32543]"
46337385,â€œThe greatness of a community is most accurately measured by the compassionate actions of its membersâ€ Coretta Scotâ€¦ https://t.co/ytqjB2mSkB,"[-79.5324646, 43.601018]"
1.01363E+18,Cap Highlights (his hair is short!) and tint for the win on my son @The_MagizRed .... his natural level is betweenâ€¦ https://t.co/sIZM6YvELY,"[-117.20866756, 33.13316806]"
34451386,#fridaydecember6 #wintermarkettomorrow #wintermarket #holidayevent @ Highlands Ranch Town Center https://t.co/7i8AXNS0AC,"[-104.99968522, 39.54705345]"
116893393,https://t.co/qRhVlQQVXV @ The Citadel Music Hall https://t.co/NZtSCcUMGr,"[-86.27315, 39.7441]"
71052378,Alert: SMOKE INVESTIGATION (OUTSIDE) @ TAMPA RD-PH/LAKE ST GEORGE DR Tac: B Sent: E66 65FD https://t.co/EJNMrYE2lS,"[-82.72239331, 28.0674718]"
599408903,"#tbt
FRESH OUT THE BOX!!!!!
#2014 @ Philadelphia Museum of Art https://t.co/nlB8Ck36Dw","[-75.17996394, 39.96502462]"
7.46016E+17,South Street at Broad Street https://t.co/mAQBK95Njk,"[-74.01114, 40.70179]"
8.86695E+17,Had a blast at the annual Corpus Christi Roadrunner Xmas party.  T-shirt exchange is always fun plus We were all wiâ€¦ https://t.co/6ajuabTPvm,"[-97.39528, 27.79767]"
86066004,Acaba de publicar una foto en Auditorio PabellÃ³n M https://t.co/9yThpHZzc5,"[-100.31695788, 25.66561865]"
822462950,"Fall colors in the Rock Garden. 
.
.
#fall #reflection #reflectionphotography #leavesğŸ #nature #naturephotographyâ€¦ https://t.co/XnZPBF5QID","[-74.57462326, 40.42214483]"
72450360,When you love and are loyal to Shinee and NCT ğŸ’ğŸ’š That night I was holding up 3 light sticks and a camera and my armâ€¦ https://t.co/rq4rCAPgaL,"[-73.99349928, 40.75050204]"
20293221,"My new Facebook profile! #LetsGoTexans @ Katy, Texas https://t.co/KTpHq8ksyk","[-95.82333, 29.78773]"
136128142,Yogaaaaaaa with Candice @CandiceCendana! #friendsies #yogasisters #namaste (@ Yoga College Of India Bikram Yoga inâ€¦ https://t.co/wHXMkSiFo8,"[-118.50727529, 34.15971718]"
64826582,Crystalloid Agate seriously has me gasping in its beauty. Coupling it with purple lava stone is beyond WOWZAS!!!! (â€¦ https://t.co/JfeqNOLa9v,"[-95.9625, 41.2106]"
1606472113,"MED - MEDICAL at 5800 NE CENTER COMMONS WAY, PORT [Portland Fire #RP19000104842] 19:12 #pdx911","[-122.603316, 45.52775]"
1.03057E+18,"ğŸ¤ŸğŸ˜ğŸ¤ŸğŸ˜ğŸ¤ŸğŸ˜ğŸ¤ŸğŸ˜ @ Kuehnle Elementary School, KISD https://t.co/Vro44QH97L","[-95.5322, 30.0475]"
2968148254,100 COS Double Matte White Protective Sleeves Trading Cards (66 x 91 mm) $7.95 #FreeShip https://t.co/vKPfRhvqeN https://t.co/amSsDPQyqp,"[-74.0064354, 40.6548713]"
80242222,"Â¿Puedes recomendar alguien para este empleo? Dishwasher en #Concord, CA https://t.co/Nd2JQPyvFj","[-122.0557262, 37.9673046]"
15050250,@vadagrace *decade,"[-84.38686088, 33.7616272]"
29198098,"@lisantiphotos #justgoshoot #nature  #naturephotography #sunrise #getupearly 
#Instagood
#instaphoto #lisantiphotosâ€¦ https://t.co/zl8tiDfPLa","[-75.0617, 38.5408]"
41015009,"â€œ""Blessed are the pure in heart, for they shall see God.â€
Matthew 5:8 ESV â˜ï¸â˜ï¸âœï¸âœï¸âœï¸ğŸ™ŒğŸ»ğŸ™ŒğŸ»ğŸ™ŒğŸ»â¤ï¸â¤ï¸â¤ï¸ (swipe for kicks câ€¦ https://t.co/oKVTdJcngj","[-82.1797, 41.4679]"
3034888860,This guy gives me no love #bobafett #starwars #yournerdside #fonsecashow #fonseca #aaronfonseca_official #kblxâ€¦ https://t.co/o4N5hVsWuw,"[-122.46592656, 37.77032852]"
492736558,"That #junkoenoshimacosplay tho. 
NEW Welcome Youmacon 2019 video up on YouTube at ModernAnimator. Full Video:â€¦ https://t.co/5Yu7NUgadW","[-83.0507, 42.3368]"
52272942,Cleared: Construction on #VariousBus SB at 5th Avenue: W 52nd Street,"[-73.976379, 40.759853]"
50706690,Cleared: Construction on #VariousBus SB at 5th Avenue: W 52nd Street,"[-73.976379, 40.759853]"
305983082,"#Disney #hollywoodstudios #MickeyMouse #Travel #Trip #travelphotography #viaje en Hollywood Boulevard, Hollywood Stâ€¦ https://t.co/AilIuGG3kl","[-81.56076147, 28.35730792]"
31634469,"â¤â¤Lovers &amp; Friends The Pre Showâ¤â¤
â¤FEATURING SWEET SOUTHERN HEAT
â¤HOSTED By Comedian Bigg Sexxy
â¤ &amp;  Teiko Foxx  Djâ€¦ https://t.co/JEcLhQJpPt","[-91.18788, 30.44753]"
18569278,"Las vacaciones  de invierno  se estÃ¡n acercando y con ellas llegan los viajes en familia

Es por ello que te invitoâ€¦ https://t.co/25eKeeHqn5","[-99.49381, 27.46541]"
191847287,"Calling all actors... Here is your opportunity.  Do you aspire to be an actor or actress. 

@dennislawhite from theâ€¦ https://t.co/FAJl1LrqmL","[-84.3889, 33.7566]"
363381460,"Hey #lovlies, got a new #tat to add to my collection. #tattoo #tattoos # elephant #elephanttattoo #adorable #funâ€¦ https://t.co/cDeePWPSNf","[-122.228, 47.3061]"
180137910,NoDa nights tarathigpen btdanko @ Noda https://t.co/8hTdfcoE9P,"[-80.7990185, 35.2263714]"
406842590,Good lighting when I walked by. #biblical #stpaul #nyc #purple #church #newyork #atx #austin ##apostle #walkby @ Châ€¦ https://t.co/IuH5pctcxA,"[-73.98478026, 40.7697391]"
17330172,Dave and Frank join me for a night run tonight. Starting from the train station then calumet trail to the chelbergâ€¦ https://t.co/hspchRXJ9J,"[-87.05444551, 41.63359876]"
36880323,Christmas party from work @ Knott's Berry Farm Hotel https://t.co/d2GnE4SmGt,"[-117.998734, 33.84034]"
3305235366,"Positivity Challenge - Day 58(The grass isn't always greener)
Trust me, I know this all too well from expeoence aloâ€¦ https://t.co/4YIuMI211D","[-96.7977, 32.7774]"
216395986,From start to finish!! Our Brewer is feeling fantastic!! Check out his latest beer ğŸº! Bourbon Stout! #woodchipsâ€¦ https://t.co/PJsY93WO8r,"[-73.92942068, 41.76921145]"
121260076,"Views of the San Francisco Bay during blue hour @ San Francisco, California https://t.co/CkeCpaugL5","[-122.419, 37.7793]"
561775617,"Closed caskets for my victims âš° ğŸ‘€ 
#WOFS #DFSWOLFPACK #IWOULDH8METOO #DRAFTKINGS #FANTASY #BASKETBALL #NBA #DFSâ€¦ https://t.co/8AIwi97Reo","[-78.8494, 42.9047]"
361964182,"repost via @divvypic from wildwooddanceproject Larger than life, still as a stone- can you guess what's coming  froâ€¦ https://t.co/8vbSARYVQs","[-107.871, 37.2787]"
1.05419E+18,"TODAY (Friday) is the LAST DAY to buy pies! ğŸ¥§ 
Pick up December 18 at Cathedral -
Perfect for Holiday Gatherings! ğŸ„â€¦ https://t.co/B5VWqs0OJA","[-86.08154984, 39.85229733]"
23736508,"ğŸ¤Ÿ gayelord rocking one.endstudio at @satellite_show with nico_mazza work behind usğŸ–¤
.
.
#tedlincolnslifeâ€¦ https://t.co/d8v5Hyhp0u","[-80.130572, 25.787934]"
25556382,What an amazing trip.  I paid for this thumb drive and never looked at the pictures.  Here is my favorite.  This isâ€¦ https://t.co/FXauQU12wp,"[-93.5603299, 44.86174]"
42973146,What a fantastic read these are! I can't wait to cuddle up with my grandbabies to read these with them! Thank you jâ€¦ https://t.co/VNOGvFRqv8,"[-81.10604943, 43.86889102]"
25857809,"FR FR :: cause ii ainâ€™t neva Had that ... Shit I have a hard time lettin a girl get my fav Hoodie, Tshirt or sweatâ€¦ https://t.co/yU2ORwRZ5T","[-84.46634249, 33.92031715]"
34052803,"Walking around #Sonoma square tonight enjoying the lights and the #artwalk. @ Sonoma, California https://t.co/SW44GyBMGm","[-122.45888889, 38.28888889]"
1.19301E+18,Recuerda comprar boletos para la final de la liga femenil en Estadio BBVA Bancomer https://t.co/Zgj7b3YdHp,"[-100.2437, 25.670172]"
954775470,"The most perfect day here in #NYCğŸ„ Seeing the 5th Avenue holiday windows, the Rockefeller Center tree, breakfast wiâ€¦ https://t.co/YmD9hgqoL6","[-73.97844418, 40.75890925]"
2369194814,We should do this more often @kickothesav eatatzuzu #goodeats @ ZuZu https://t.co/GYTiILBKhk,"[-111.93383932, 33.49287779]"
142003213,Welcome to Hollywood ğŸ˜‚ @ Lake Hollywood Park https://t.co/spnWJv4k9b,"[-118.32629288, 34.12661226]"
1.14589E+18,**********RAZORBACKS GIVE BACK************ Razorbacks rock on and off the court. Some of our boys (and awesome pareâ€¦ https://t.co/Jem3gYeLc9,"[-97.1145, 32.739]"
195131207,Talley's package with one Pringles chip inside that I took to USPS to send to his Physics teacher. #experimentâ€¦ https://t.co/BYE7nXttwb,"[-96.66710484, 40.78305926]"
2310698856,"Holiday Boutique Shopping &amp; Luncheon to help for a great cause. ğŸ¥°ğŸ› @ Cherry Hills Village, Colorado https://t.co/kTw94QLT6f","[-104.9584, 39.63808]"
8.53008E+17,"Thoughts? San Francisco:: PG&amp;E Shareholders,â€¦ https://t.co/lNz8zdKa7W #Business #Consumer #Local #News #SyndicatedLocal @HainesForSF 2020","[-122.3958528, 37.7929728]"
60912928,"Day 2896: #RogerRabbit really knows how to #Decorate his #CarToonSpin. 
#Disney366 @disneyland @@DisneylandTodayâ€¦ https://t.co/UOJuCOUj7c","[-117.91824865, 33.81518618]"
61049888,"Two of my favorite souls. ğŸ–¤ @ Evansville, Indiana https://t.co/QqOvP3NoRo","[-87.5506, 37.9772]"
22290667,"Iâ€™ve been having fun at the Gateway Christmas party for 10 years. The first four as a board member, the last six asâ€¦ https://t.co/p3DH1g4BWS","[-97.87678, 30.41168]"
4762550540,"40oz CANDLE WITH A NICE SMACK OF BABY POWDER SCENT! ğŸ•¯
https://t.co/TT94ZuJUpG @ Liquor Store https://t.co/uOgJhixCI8","[-118.10860172, 33.79615668]"
409075276,"Encajes que dejan huella!!!

#beerphoto #beerfriends #birra #beerlife #beerlove #beers #cerveza #ramuri #lagerâ€¦ https://t.co/DS8p1nZGMe","[-116.9734135, 32.5066098]"
22269582,Great way to close out a successful #NASCAR season with @THEKINGDMC &amp; @dariusrucker live on stage at the Nashvilleâ€¦ https://t.co/2qBBsOK9ur,"[-86.77837155, 36.15710415]"
50706690,Construction on #I287 NB at Exit 1 - US 1 https://t.co/RAaF20GTxg,"[-74.351849, 40.528733]"
85703352,"When you just have to be 'EXTRA'!
@hannahmermaid Floating in Aqua space in Bahamas waters by bahamasphotographer .â€¦ https://t.co/yXzQvGxDBe","[-77.33333333, 25.06666667]"
126039634,"#franchise #amp #nba @nba #artbasel #artbaselmiami #artbasel2019           #DeeJayKNS #OGradio
.
.
.
.
.

#dj #djsâ€¦ https://t.co/9Pydjvecnp","[-80.12909676, 25.7944686]"
1570028983,Look at this balance drill ğŸ‘€ğŸ”¥ Michaela has worked very hard these last 3 months and itâ€™s showing ğŸ¤—ğŸ’ªğŸ¼ This is a goodâ€¦ https://t.co/dzUa6dS2L3,"[-82.80704861, 32.98908087]"
1045672404,"Tamale Party!!!! A team that makes tamales together, stays together! Another year of tamale making in the books andâ€¦ https://t.co/1tbX2qmEsb","[-106.6506, 35.0873]"
914803513,"ğŸ’°All About The Paper Enterprise &amp; Jajah Settinz SoundğŸ’° Presents:

ğŸ‡¨ğŸ‡¦WinterğŸ‡¨ğŸ‡¦ 
ğŸ‡§ğŸ‡§ğŸ‡¬ğŸ‡©ğŸ‡»ğŸ‡¨ğŸ‡¹ğŸ‡¹
Jab Jab
ğŸ‡¹ğŸ‡¹ğŸ‡»ğŸ‡¨ğŸ‡¬ğŸ‡©ğŸ‡§ğŸ‡§
 ğŸ‡¯ğŸ‡²Basementâ€¦ https://t.co/YkkYRoXX6e","[-79.44382, 43.69732]"
3361761941,...ğŸ’” @ Detroit VS Everybody https://t.co/bJjwjc4A93,"[-82.25755278, 27.85055305]"
304874536,#legday #legpress #putuporshutup #500lbslegpress #newpersonalbest that feeling when you smash it #painispleasureâ€¦ https://t.co/IYToO1KsEF,"[-90.7001, 38.8029]"
7.62063E+17,Just posted a photo @ MK Lizvega https://t.co/QefbxSTgLb,"[-81.73295, 28.02232]"
47403,Thank you @bonitasemana for the love and shout out! So excited to get the email newsletter from @bonitasemana and tâ€¦ https://t.co/yN45vjibrE,"[-118.243, 34.0522]"
50043410,"Day 5 -
Finally sitting down to play some Hyper Light Drifter!

#30dayphotochallenge @razer @ Washington D.C. https://t.co/rs3XcjzJeR","[-77.0367, 38.8951]"
88984612,Donâ€™t ya just love my halo?? ğŸ¤£ğŸ¤£ğŸ¤£ #OMG #IThinkIDiedAndWentToHeaven #SoAmazing @ Giada Vegas https://t.co/ZOhMdUVZcB,"[-115.17179, 36.11502]"
118512279,"Just posted a photo @ Chicago, Illinois https://t.co/QuE5V7qzH1","[-87.632496, 41.883222]"
22507008,Got my own personal bouncer to keep away the requests! @ The Humble Pub https://t.co/15YMxnQzyt,"[-87.81090312, 42.20312127]"
8.18597E+17,"As our next Cashier Restaurant Team Member, youâ€™ll serve food with pride, not wrapped in paper. Click here to findâ€¦ https://t.co/TrI7k3HRtk","[-80.1029538, 40.690571]"
1652821,Celebrating Repeal day (again)  with my annual visit to @canonseattle @ Canon Seattle https://t.co/dxPFUgG5M3,"[-122.31657, 47.61127]"
520705055,"#NaturalInFrontOftheCamera #Photography #Photo #Portrait #Fotography #AndoArt #EveryThingATL #AwesomeSauce
Locationâ€¦ https://t.co/W4RJve7uoC","[-84.7231, 33.7497]"
16526677,#BernieBeatsTrump #Bernie2020 #NotMeUs #NotTheBillionaires #ClimateEmergency #MedicareForAll #CollegeForAllâ€¦ https://t.co/GqBgwvAw4l,"[-117.8533, 33.7877]"
61015432,@BoozyBadger Not before it opens at least please.,"[-87.85887012, 41.98138428]"
1.13048E+18,Drinking a Bourbon Barrel Stout (2019) by @WestMountain @ Hugo's Restaurant â€” https://t.co/RdpmAa67Cj,"[-94.1607, 36.0635]"
22269582,Great way to close out a successful #NASCAR season with @THEKINGDMC &amp; @dariusrucker live on stage at the Nashvilleâ€¦ https://t.co/RgQHqKGoYv,"[-86.77837155, 36.15710415]"
3710681476,Competition ready! Itâ€™s showtime! #photooftheday #maxcandance #model #whywalkwhenyoucandance #max4u #performerâ€¦ https://t.co/rWNUqm6Huc,"[-115.15632293, 36.10719673]"
463959269,Hello jimmy! @ Knoxville Ice Bears https://t.co/rTjQSnAPcZ,"[-83.91154, 35.96507]"
15928598,"what an awesome little (literally) tribute to a thing zedmc and i made in the mid 90s as a joke...
LEDGE BUTTâ€™A.
noâ€¦ https://t.co/oJgAdZvfOo","[-97.045, 47.9152]"
17281001,"Thereâ€™s statues and art all over here in Bend, on the roundabouts - yup a lot of those too, reminds me of home in tâ€¦ https://t.co/f9bA9nWTpN","[-121.308, 44.0564]"
3655306395,Join the Spartanburg Medical Center team! See our latest job opening here: https://t.co/NWLaJm6cbe #RN #nurse,"[-81.939383, 34.9662707]"
146290495,Happy Birthday to my Lil Buddhist Sister ğŸ˜‡ I love you salanya_ @ Wat Thai Of Los Angeles https://t.co/J3x59zByDO,"[-118.41481594, 34.22052663]"
72889988,3 Sheeps Bon Bon Chocolate Milk Stout on tap now. https://t.co/l0ItmAMiMU @@3SheepsBrewing #CrosstownPubNaper #BeerMenus,"[-88.1338285, 41.7886393]"
545392187,"Just posted a photo @ El Paso, Texas https://t.co/LRi9AL5dWw","[-106.489, 31.7658]"
15074147,#christmas #christmastree @ Albee Square Mall https://t.co/5sst3RNwGM,"[-73.98292528, 40.69044777]"
252313876,"Iâ€™m moving to NYC. I donâ€™t know when but I freaking love it here. @ Little Italy, Manhattan https://t.co/NUw4QkFINB","[-73.99732778, 40.71914167]"
9.87786E+17,"May be a down year, but you canâ€™t argue with greatness #spurs @ SeaWorld San Antonio https://t.co/s1iM28knjm","[-98.7001956, 29.4583528]"
3690110117,"Getting ready for my Ugly sweater party. Wish that I was more creative. ğŸ˜› @ Garland, Texas https://t.co/HWldB3jPHw","[-96.6352, 32.9073]"
1093533133,"#NBA #NBAMVP #basketball
#SportyNerd #DataSayWhat 
Date: 11/3/19 
Score: #Kings 113 - #Knicks 92 
Team:â€¦ https://t.co/QKAXxD5J7V","[-121.50002616, 38.58078353]"
224919569,"For years, Iâ€™ve been waiting â°
.
Waiting to be skinny, rich &amp; organized. Waiting to be a homeowner, to be making 6-â€¦ https://t.co/UtJ12JaDBF","[-83.01298611, 42.80280833]"
973245247,"Now Playing
@SkubaBaby 
#ShoNuff
On
#ItsAllAboutSupportRadioShow 
https://t.co/L74CxlwgDC
#itsallaboutsupportâ€¦ https://t.co/wYDsB6Xkmo","[-115.149, 36.1675]"
43231659,#soullove @ Griffith Observatory https://t.co/mTeb8HRdJx,"[-118.30045071, 34.11904299]"
19536182,Love. Our. Clients. Too much fun at our 7th annual WARM Holiday party/client event ğŸ˜ğŸ„ğŸ…ğŸ¼ğŸ§ğŸ·ğŸ¤¶ğŸ»â€¦ https://t.co/AVcfBr7yHo,"[-82.88708563, 40.13243108]"
1602852614,"VEHICLE STOLEN - COLD at 6400 NW ST HELENS RD, PORT [Portland Police #PP19000417344] 20:10 #pdx911","[-122.750713, 45.567101]"
19210377,EGF at GFC 11/3 @ Fido Purpur Arena https://t.co/qu2wObim77,"[-97.042144, 47.91546599]"
628495737,"Thereâ€™s punch, then thereâ€™s punch made our way.  Rubber ducky bath, in a glass for princess someavaflava! ğŸ–¤ğŸ’•âœ¨ 

.
.â€¦ https://t.co/zMTfbhigvt","[-76.92312, 38.91746]"
202842683,"We are almost ready... ğŸ¤—ğŸ™Š
Tomorrow is going to be the main day, the play is almost ready and we will have to show tâ€¦ https://t.co/JADeNXhrSq","[-103.50104335, 25.58514453]"
505044864,Thursdays Zumba with Claudia! Won in today's raffle! Thank you girlie! @ EÅS Fitness https://t.co/1X7hXoz8Mt,"[-115.25825, 36.19513]"
561742590,Una escena caÃ³tica se viviÃ³ esta tarde en #Miramar #Florida luego de una persecuciÃ³n a dos asaltantes que habÃ­an seâ€¦ https://t.co/iBAyfAFiIn,"[-80.3259, 25.979]"
2626859554,#yamcasserole #christmas #marshmallow mini marshmallows or regular...hmmmmm. and mmmmmm #missionaccomplished readyâ€¦ https://t.co/aBJtNKQcNR,"[-86.19648121, 34.27766917]"
1240061922,"#ohHenryTMS Daddy = FURniture #dogdad #dogsofinstagram #miniatureschnauzer @ Gulf Gate Estates, Florida https://t.co/4kuAb6sdbO","[-82.50666667, 27.25944444]"
32712365,#ifeelpretty ğŸ˜ŠğŸ˜Š #throwback to last week lol #tbt #longhair #longhairdontcare #curvytattooedgirls #curvygirlâ€¦ https://t.co/z0kDgqfye2,"[-73.0104, 40.8904]"
9.87855E+17,"First tray of the year!!!! @ Brandon, South Dakota https://t.co/Y0rgfrqLh5","[-96.5807, 43.5916]"
1325683886,"Car wash concerns. #carwash #DiscountPuppy #dogs @ Otsego, Minnesota https://t.co/m6ZVYF37r5","[-93.61217, 45.28986]"
444960734,"Thank you @HollywoodArea for the amazing celebration. 
Looking forward for working with you soon!

#christmasâ€¦ https://t.co/FalPYsVPeg","[-118.33333333, 34.1]"
185027140,Nothing like reconnecting with an old friend. â¤ï¸ SO good to see you tonight koolaidsmiledds!! We go alllllllll theâ€¦ https://t.co/7SJEm7xz8R,"[-80.8317589, 35.15218732]"
718852844,"I need this vacation  no lie! @ Denver, Colorado https://t.co/2h2wGDuDHC","[-104.98360001, 39.7391]"
201132228,"@karenmeee came to #NXTJacksonville to talk to the people, but @weedbequeens had other plans. So that escalated toâ€¦ https://t.co/t1BsEKWyS7","[-81.8213802, 30.27808649]"
1705412107,Aaron James &amp; Estes final show benefitting @memphisroxclimb fun fun fun! @ Crosstown Arts https://t.co/NtBz0ki8QY,"[-90.01393883, 35.15034233]"
524524080,"PKD Foundation

@PKDFoundation

Over 950 players, coaches and NFL legends will be showing their support to causes tâ€¦ https://t.co/veomYuOvxy","[-87.4804, 41.5957]"
2831863100,Toyota Camry EASTERN LUXURY driver T704708C blocked the bike lane near 558 Dean St on December 5 and has been reporâ€¦ https://t.co/jYhPwCax5P,"[-73.97206533, 40.68105001]"
56322072,"We go through our lives and struggle and fight, we live through lessons and learn to be stronger each time, we faceâ€¦ https://t.co/WVnAWYBcqI","[-121.96166667, 38.02916667]"
2944206587,Could use a little help putting on the last string of lights. Any ambidexterous mystery lovers available? @ St Charâ€¦ https://t.co/0w9B0zrhYb,"[-90.07775695, 29.9369041]"
214738548,"maxfitness_elite @ Max Fitness Elite - Columbus, GA https://t.co/PsHkMHxHLj","[-84.94082328, 32.56076615]"
15784647,"@jeffgerstmann the Burlingame store was Network Video, I *loved* that store","[-122.40642151, 37.78543091]"
178494158,NuÃ©vos JuguetÃ­tos Para bajaplusoficial en La Obregon De San Luis https://t.co/7UrJNUMdkW,"[-114.75506986, 32.47564977]"
112942200,"While you are waiting, you are not merely waiting. You are growing in your capacity to receive what was meant for yâ€¦ https://t.co/vOiOrtN8zz","[-122.678249, 45.518237]"
1467977046,"What a great event! If youâ€™ve never attended a @festivalsspeed Wheels, Watches &amp; Whiskey evening, youâ€™re missing ouâ€¦ https://t.co/BymtYQAbSh","[-81.38748222, 28.61221149]"
60172822,"@ricky_martin â¤ @rm_foundation ğŸ‘Œ

Reposted from @inpulsemedia (@get_regrann)  -  Felices de ver a @Ricky_martin enâ€¦ https://t.co/7F3j5LvUZw","[-80.1341, 25.813]"
323065468,Happy to be home after a super hectic travel schedule for work over the last few months.  Looking forward to severaâ€¦ https://t.co/lE3ZNXPZFc,"[-117.08969314, 33.614141]"
288210516,Intermediate class tonight we had fun with my Moody Moori combo (Moori squared)ğŸ˜œ #Moori #fingercymbalsâ€¦ https://t.co/by5nAY9nya,"[-79.94478, 40.46545]"
23564654,"Jackson Skyler for the 10th Annual Chicago International Fashion Week

Clothing: jacksonskyler_official ğŸŒ¹
Video: kaâ€¦ https://t.co/0IjyFX9j2V","[-87.62691928, 41.88040529]"
2669983818,near bsgstblender: 38aeb170-fd49-4ba4-8ed5-ba1e07d57c7b,"[-80.0505398, 40.4313474]"
2883932076,It is so important to remember to take time for yourself during the busy holiday season. We give you permission toâ€¦ https://t.co/7zpsKVzStv,"[-116.87199587, 32.94009733]"
399405188,Great to see @chicagobears v @dallascowboys tonight @SoldierField different #chicago #bears #travel #bearâ€¦ https://t.co/BEj5xu3deW,"[-87.61676526, 41.86222363]"
237493249,"#TBT Came across this photo of a Star Valley, WY, regional church choir from my fatherâ€™s photo album. As far as I kâ€¦ https://t.co/sot0HA4KVw","[-76.90718, 38.92506]"
31661882,#PartOfTheGame #PaulWall #StatikSelektah #Nems #HaileSupreme @paulwallbaby @statikselekt @hailesupreme @nems_fyl ğŸ’ªğŸ½â€¦ https://t.co/VE7V1CH5Ac,"[-95.42975, 29.614]"
50748675,thank you Emily _rhymeswithwow for sharing your happy holiday nook featuring our advent calendar by the talented Niâ€¦ https://t.co/PDAmTqrudl,"[-123.1149458, 49.2547272]"
33697653,jonasbrothers @nickjonas @joejonas @kevinjonas So lucky I got to see 2 shows on the #HappniessBeginsTour â€”- inâ€¦ https://t.co/OlOY0Peib2,"[-95.928342, 41.26251735]"
471912899,"ğŸ’š MAGICAL MINT ICE CREAM! â ğŸ’šâ 
â 
There is nothing more delicious than Kelly's 100% vegan, Magical Mint Ice Cream! â âœ¨â€¦ https://t.co/J17RlU6nxU","[-79.79764782, 43.3257744]"
366148506,"A Therapistâ€™s Advice for Dealing With â€˜Foundersâ€™ Depressionâ€™

Kandia Johnson
Published in @blackenterprise magazineâ€¦ https://t.co/sZfbbZTV9u","[-74.0064, 40.7142]"
32253006,First Toronto Vegan tasting by The Social Herbivore presents certified and â€œvegan friendlyâ€ wines that â€œwho knew thâ€¦ https://t.co/PlbG6s6bEI,"[-79.41075, 43.66319]"
902421,"Tribe Jazz. (@ Phonobar in San Francisco, CA) https://t.co/gdTNUj8edO","[-122.42281531, 37.77788244]"
7067682,"SPARKS new 3 CD set ""Past Tense - The Best Of Sparks"". Unboxing video and Sparks Spotify playlist tomorrow atâ€¦ https://t.co/5l7q0f2FoL","[-77.5833, 44.1]"
303470163,"outlanderpod you are my top podcast ğŸ§ @ Berwyn, Illinois https://t.co/6DB7vK2t2y","[-87.7934, 41.8505]"
2675800976,"Don't forget, I'm still doing this pop-up class on Fridays at 530pm right after Zumba Toning at 430pm. See you therâ€¦ https://t.co/Wc6Rd4u0kU","[-106.73942178, 32.37002215]"
50706690,Cleared: Incident on #AdirondackNorthwayExtension NB at Western Avenue; US 20,"[-73.8442, 42.6832]"
50711063,Cleared: Incident on #AdirondackNorthwayExtension NB at Western Avenue; US 20,"[-73.8442, 42.6832]"
4725256386,"If you want a nursing career that values and supports new graduates, choose UAMS! https://t.co/j2nKKptFOQ #Nursing #LittleRock, AR","[-92.2895948, 34.7464809]"
1252916346,"Mama's Birthday at Oak ğŸ‘Œ
.
#ShopLocal #ThinkLagunaFirst #AvedaConceptSalon #Laguna #LagunaBeach #LagunaLocals @ Oakâ€¦ https://t.co/YLk8hYMFEH","[-117.776779, 33.5340962]"
197207831,Thank you #entertainer #actor Joe Piscopo for hosting the #benefitconcert  for the Saint Pio Foundation! #Saintâ€¦ https://t.co/8jPcPohkeS,"[-73.9830099, 40.77514]"
36002171,Cousins!! @ Thousand Oaks High School https://t.co/V3oNcYaqw6,"[-118.8688803, 34.21017986]"
1345487484,Our Black Friday sale is ending soon! Shop now and receive 20% off storewide when you use the coupon code: â€œBLACKFRâ€¦ https://t.co/thS0cn3Qeq,"[-96.7045215, 32.9105694]"
76100474,"Dessert ğŸ§ (@ 1356 Public House in Twin Oaks, MO) https://t.co/xsWzRnYYKz https://t.co/OrKtqno4PW","[-90.49735763, 38.56667071]"
1976545218,"Well, the outside is done.....ğŸŒ²ğŸ„â›„ï¸ğŸ
#merrychristmas #christmaslights #happyholidays @ St Louis https://t.co/89HMAd2FQK","[-90.68920195, 38.80279818]"
38446622,â€œDonâ€™t you love New York in the fall? It makes me wanna buy school supplies. I would send you a bouquet of newly shâ€¦ https://t.co/dPW8JZijE3,"[-73.99516993, 40.72968938]"
7.65601E+17,"If you're looking for work in #Pomona, CA, check out this job: https://t.co/AQEhiHhAti #Healthcare","[-117.7469367, 34.0975963]"
1920220135,"Super excited six year old lost a tooth!! #toothfairy @ Lawrence, Kansas https://t.co/ByZUm60jpk","[-95.2532, 38.9599]"
631664325,"She is so excited because she got a new book @ Twitter Headquarters, San Francisco, California https://t.co/WT6rzOABSG","[-122.41636, 37.77674]"
33344949,Just posted a photo @ Jackson Falls https://t.co/CHEQ2dYKVl,"[-88.682188, 37.506366]"
386789996,"#calvinandhobbes  action 
ğŸš¨ ask about my Dec sales going on!!
SAVE up to 20%!!!ğŸš¨
DM or Email for info!!
.
.
.
.
.
.â€¦ https://t.co/Eptrw44Ayk","[-117.311548, 33.1261431]"
55252912,"Twinkle twinkle little Dash...#dbtheformosan #formosanmountaindog #taiwandog #å°ç£çŠ¬ #ç±³å…‹æ–¯ @ Vancouver, British Columbia https://t.co/B96m317uWX","[-123.1204, 49.2819]"
312133657,"It's all about perspective!

#inspiration #business #creative #creativity #designthinking #designer #designâ€¦ https://t.co/mNmE0pdD6n","[-80.2235, 25.8021]"
1.13048E+18,Drinking a Super Cluster by @lagunitasbeer @ Hugo's Restaurant â€” https://t.co/dNeV8pS7nL,"[-94.1607, 36.0635]"
33344949,Just posted a photo @ Jackson Falls https://t.co/A3whz8BVZd,"[-88.682188, 37.506366]"
108727604,"Caught up with the Three Sisters in LaPorte at the tail end of sunset tonight. #sunset @ La Porte, Indiana https://t.co/7qJAZ2MLdL","[-86.7175, 41.6092]"
500650702,Mole &amp; Beer Dinner with @5rabbitbrewery we are so excited to take part in the 3rd Supper Series revivalfoodchi. Weâ€¦ https://t.co/iV4bZ8iOhe,"[-87.6306651, 41.8799331]"
23239131,"Take some accountability. Stop pointing fingers. Stop complaining, stop being a bitch. Be a leader.
.
#hustleâ€¦ https://t.co/Ee7bZiGCK2","[-73.3344, 40.7961]"
24841511,"And, we're open! A total thrill to reunite with #MauryYeston and #GerardAlessandrini to bring this wonderful show tâ€¦ https://t.co/E4yhYUfCu5","[-73.97045, 40.7588]"
33344949,Just posted a photo @ Jackson Falls https://t.co/SWLanmZA4A,"[-88.682188, 37.506366]"
102505227,The screens donâ€™t get much bigger than this. #facebook @ Facebook HQ https://t.co/aulh0Wn8Ld,"[-122.149999, 37.483183]"
47192415,(A) Winter (Finch) Is Coming ğŸ¦ğŸŒ¨ï¸ğŸ¦ #animalart #gradschool #birdart  #animaldrawing #arcticredpoll #redpoll #finchâ€¦ https://t.co/PnfhBE1bxL,"[-117.881, 33.7407]"
1.15201E+18,#melaninsexiness #chocolateman #whatthatmouthdo #sexiness #tongueout #menofcolor #sexyeyes #tbt #prettyeyes #baeâ€¦ https://t.co/VhVEyAAmzZ,"[-74.0064, 40.7142]"
33344949,Just posted a photo @ Jackson Falls https://t.co/QvSbPbfeiD,"[-88.682188, 37.506366]"
1.01434E+18,"#mamiWater juicydelyon daris_237 @OskiloOfficial calypso23 cleograe diana_eneje henzybrightlee @ Los Angeles, Califâ€¦ https://t.co/M6qrfb3E4X","[-118.243, 34.0522]"
382350434,"By yearâ€™s end, I will have lost 5 friends in 2019, living in, what must be, the most transient metropolises on theâ€¦ https://t.co/MNrYj9IUwH","[-118.25676, 34.14469]"
1157303605,"If you're looking for work in #Dundee, MI, check out this job: https://t.co/c2mEazBcUJ #Veteransjobs","[-83.6596596, 41.9572676]"
139748150,Maannnnnn! @DaBabyDaBaby wasnâ€™t able to make it to @power98fm #WinterBlockParty due to a private jet issue. So he wâ€¦ https://t.co/XwpdGO05AH,"[-80.795103, 35.205164]"
47471965,"Addison said she hopes to play piano like Schroeder from Peanuts one day. @ Redlands Heights, Redlands, CA 92373 https://t.co/ilaHqJ3Pho","[-117.15815764, 34.03374326]"
33107165,"Sweet then Sour ğŸ’•ğŸ˜¹ @ Weaver, Alabama https://t.co/sEjwB56uRq","[-85.8085, 33.7557]"
84766709,Wilson knee and pride is hurt,"[-80.819724, 35.30748]"
33344949,Just posted a photo @ Jackson Falls https://t.co/WDmZ2bcsmr,"[-88.682188, 37.506366]"